day,orders,gross_sales,discounts,returns,net_sales,shipping,taxes,total_sales,average_order_value
11/1/17,43,2319.96,-221.46,-51.77,2046.73,589.62,5.09,2641.44,62.63
11/2/17,20,1639.52,-103.09,-240.44,1295.99,356.86,2.23,1655.08,95.88
11/3/17,36,2448.35,-218.37,0,2229.98,594.89,4.69,2829.56,78.59
11/4/17,41,3063.41,-222.78,-44.99,2795.64,764.25,0,3559.89,88.2
11/5/17,27,1227.63,-95.01,0,1132.62,565,0.19,1697.81,62.88
11/6/17,27,1389.53,-99.64,-227.67,1062.22,414.28,0.65,1477.15,64.26
11/7/17,51,3268.7,-179.87,-74.41,3014.42,792.98,3.12,3810.52,76.67
11/8/17,60,5898.95,-680.87,-452.08,4766,754.4,30.13,5550.53,100.61
11/9/17,48,3408.35,-351.19,-118.23,2938.93,620.03,1.06,3560.02,77.48
11/10/17,30,2107.4,-48.96,-199.94,1858.5,576.46,0,2434.96,89.28
11/11/17,35,1757.42,-136.64,-223.38,1397.4,620.91,0,2018.31,64.67
11/12/17,40,2613.99,-182.57,-21.25,2410.17,795.49,0,3205.66,80.93
11/13/17,43,2829.67,-100.84,-182.16,2546.67,746.65,0.64,3293.96,81.41
11/14/17,32,1772.98,-114.14,-190.15,1468.69,518.61,0.62,1987.92,68.06
11/15/17,39,2198.33,-92.69,0,2105.64,549.46,18.75,2673.85,68.56
11/16/17,51,2634.92,-222.72,-531.22,1880.98,732.32,7.38,2620.68,62.45
11/17/17,40,2943.04,-179.78,-268.27,2494.99,917.49,0,3412.48,92.26
11/18/17,34,1809.88,-85.16,-8.5,1716.22,506.04,-0.37,2221.89,65.61
11/19/17,34,1815.91,-120.76,0,1695.15,523.77,0,2218.92,65.39
11/20/17,41,2127.05,-159.18,-358.17,1609.7,485.45,4.14,2099.29,65.36
11/21/17,29,1795.93,-93.13,-63.77,1639.03,424.57,1.12,2064.72,73.56
11/22/17,31,1554.5,-91,-44.99,1418.51,662.52,0,2081.03,69.02
11/23/17,33,2011.35,-140.87,0,1870.48,678.43,0,2548.91,77.23
11/24/17,138,8267.84,-1058.19,-56.04,7153.61,2199.84,6.55,9360,68.33
11/25/17,97,5753.07,-747.77,-74.98,4930.32,1529.83,0.06,6460.21,68.11
11/26/17,73,4007.57,-572.66,-8.39,3426.52,1081.75,2.87,4511.14,61.91
11/27/17,191,12658.16,-2331.32,-590.61,9736.23,2646.06,11.21,12393.5,68.54
11/28/17,50,3568.71,-202.33,-388.64,2977.74,929.72,40.92,3948.38,88.11
11/29/17,44,3557.43,-118.71,-171.42,3267.3,671.03,0,3938.33,95.26
11/30/17,51,3737.42,-206.82,-198.79,3331.81,1036.61,0.19,4368.61,90.38
12/1/17,48,2157.1,-120.88,-285.35,1750.87,739.16,0,2490.03,58.29
12/2/17,47,3355.65,-195.97,-167.18,2992.5,700.32,34.37,3727.19,84.05
12/3/17,74,4274.02,-180.95,-160.23,3932.84,1141.25,39.12,5113.21,72.07
12/4/17,78,3571.77,-181.8,-465.61,2924.36,1074.89,0.25,3999.5,57.85
12/5/17,89,4765.02,-276.11,-45.73,4443.18,1454.89,5.94,5904.01,67.11
12/6/17,71,3254.92,-227.86,-218.11,2808.95,1120.14,3.54,3932.63,59.45
12/7/17,72,3719.55,-181.34,-240.59,3297.62,1270.1,0,4567.72,68.63
12/8/17,74,4327.48,-298.45,-607.48,3421.55,1301.94,10.74,4734.23,72.33
12/9/17,95,5099.25,-366.75,-280.38,4452.12,1666.07,-2.41,6115.78,67.84
12/10/17,89,4506.98,-252.32,-117.02,4137.64,1447.27,4.99,5589.9,64.24
12/11/17,104,4973.85,-272.37,-334.44,4367.04,1662.13,1.2,6030.37,61.95
12/12/17,104,6996.71,-360.17,-84.39,6552.15,1632.2,13.12,8197.47,80.44
12/13/17,135,8442.88,-534.37,-403.6,7504.91,2268.96,0.33,9774.2,75.69
12/14/17,132,6890.14,-545.06,-696.29,5648.79,1550.18,7.39,7206.36,61.66
12/15/17,143,9093.88,-586.39,-208.75,8298.74,2214.81,0.68,10514.23,75.67
12/16/17,97,6257.73,-441.43,-499.11,5317.19,1540.87,0,6858.06,76.65
12/17/17,86,4494.64,-327.12,-81.03,4086.49,1284.67,0.25,5371.41,64.23
12/18/17,83,4560.15,-295.55,-480.33,3784.27,1092.42,3.81,4880.5,66.89
12/19/17,65,3931.31,-225.68,-881.9,2823.73,1213.86,2.05,4039.64,76.49
12/20/17,51,2753.1,-92.25,-127.96,2532.89,1064.42,0,3597.31,73.04
12/21/17,35,2217.13,-174.32,-176.19,1866.62,588.51,0,2455.13,76.81
12/22/17,35,2364.02,-77.91,0,2286.11,637.15,5.94,2929.2,83.69
12/23/17,22,1569.67,-116.14,0,1453.53,358.49,0,1812.02,82.36
12/24/17,33,1508.58,-112.92,0,1395.66,584.84,0,1980.5,60.01
12/25/17,30,1509.45,-54.95,-183.97,1270.53,644.16,3.49,1918.18,70.23
12/26/17,26,1279.51,-110.16,-16.25,1153.1,461.12,0,1614.22,64.19
12/27/17,28,2080.6,-169.77,-528.1,1382.73,435.45,3.12,1821.3,87.2
12/28/17,36,2446.24,-241.45,-223.45,1981.34,502.08,0,2483.42,75.19
12/29/17,21,1069.62,-107.67,-78.79,883.16,422.7,0,1305.86,65.93
12/30/17,27,1509.12,-106.79,0,1402.33,459.57,0,1861.9,68.95
12/31/17,18,715.74,-58.91,0,656.83,229.36,0,886.19,49.23
1/1/18,23,1696.9,-162.97,0,1533.93,458.39,0.37,1992.69,86.63
1/2/18,28,1132.63,-68.62,-142.35,921.66,415.51,0,1337.17,53.45
1/3/18,18,768.24,-37.79,-439.68,290.77,220.58,4.04,515.39,54.69
1/4/18,22,1135.6,-104.64,0,1030.96,429.09,0,1460.05,66.36
1/5/18,19,1188.53,-26.71,-197.43,964.39,339.09,0,1303.48,79.15
1/6/18,26,1292.07,-75.95,-157.98,1058.14,391.2,0,1449.34,62.92
1/7/18,15,883.78,-82.68,-460.57,340.53,242.21,0,582.74,70.31
1/8/18,17,776.72,-43.45,0,733.27,218.57,0,951.84,55.99
1/9/18,17,677.68,-61.41,-369.33,246.94,337.34,0.25,584.53,56.75
1/10/18,14,604.77,-25.5,-342.61,236.66,266.9,0,503.56,61.62
1/11/18,23,1441.38,-45.46,-249.73,1146.19,593.44,0,1739.63,88.93
1/12/18,17,938.71,-49.79,0,888.92,435.07,0,1323.99,77.88
1/13/18,17,869.29,-57.28,0,812.01,329.48,5.45,1146.94,67.46
1/14/18,16,833.71,-12.48,0,821.23,443.87,0,1265.1,79.06
1/15/18,20,1092.55,-68.58,-19.99,1003.98,316.73,0,1320.71,67.6
1/16/18,18,917.6,-51.15,0,866.45,362.82,0,1229.27,68.29
1/17/18,24,1286.23,-94.72,-84.88,1106.63,312.28,7.32,1426.23,63.88
1/18/18,18,775.69,-26.69,-1076.79,-327.79,417.18,0,89.39,64.78
1/19/18,30,1533.35,-136.63,0,1396.72,434.12,0.75,1831.59,61.05
1/20/18,23,950.54,-84.09,-78.99,787.46,423.47,1.25,1212.18,58.41
1/21/18,17,1405.6,-60.52,0,1345.08,287.91,0,1632.99,99.83
1/22/18,15,852.09,-54.59,-176.21,621.29,227.38,5.61,854.28,73.51
1/23/18,26,2079.14,-45.27,-250.16,1783.71,602.52,9.34,2395.57,102.06
1/24/18,22,940.63,-37.44,0,903.19,462.59,3,1368.78,62.21
1/25/18,23,1381.49,-56.07,-132.74,1192.68,442.95,6.5,1642.13,77.16
1/26/18,23,1227.6,-59.19,-135.46,1032.95,370.02,0,1402.97,68.13
1/27/18,20,961.61,-32.42,0,929.19,260.03,0,1189.22,59.46
1/28/18,30,1218.63,-53.15,0,1165.48,466.51,0,1631.99,54.39
1/29/18,24,2019.91,-140.51,0,1879.4,574.6,0.53,2454.53,102.27
1/30/18,29,1746.32,-122.05,-3.4,1620.87,526.35,0,2147.22,74.15
1/31/18,23,1610.4,-128.13,-231.68,1250.59,325.88,0,1576.47,78.61
2/1/18,27,1611.92,-58.45,-87.23,1466.24,449.06,0,1915.3,75.03
2/2/18,29,1602.22,-134.35,0,1467.87,589.14,0,2057.01,70.93
2/3/18,29,1442.37,-44.09,-92.47,1305.81,559.95,3.72,1869.48,68.08
2/4/18,21,1436.56,-55.24,-71.99,1309.33,277.28,0,1586.61,81.23
2/5/18,24,1189.53,-63.2,0,1126.33,325.95,0.9,1453.18,60.54
2/6/18,32,1952.26,-52.08,-33.97,1866.21,584.33,0,2450.54,78.62
2/7/18,76,5696.2,-96.06,-1911.33,3688.81,899.65,0,4588.46,90.69
2/8/18,36,3048.88,-75.68,-3116.09,-142.89,133.39,0,-9.5,103.23
2/9/18,33,3477.35,-54.96,-1973.37,1449.02,436.29,0,1885.31,128.9
2/10/18,30,2994.64,-77.78,-3830.68,-913.82,-61.04,8.48,-966.38,117.23
2/11/18,33,2514.8,-243.75,0,2271.05,570.17,0,2841.22,86.09
2/12/18,34,2913.89,-78.17,-43.99,2791.73,693.64,20.62,3505.99,104.41
2/13/18,24,1698.32,-130.61,-139.96,1427.75,419.58,4.94,1852.27,83.42
2/14/18,42,3158.38,-99.67,-1483.09,1575.62,490.7,0.75,2067.07,89.02
2/15/18,35,2881.06,-139.68,-3131.45,-390.07,168.67,0,-221.4,98.9
2/16/18,12,621.37,-30.02,-95.99,495.36,187.82,0.19,683.37,68.62
2/17/18,36,2373.03,-115.69,-42.98,2214.36,605.21,2.6,2822.17,80.17
2/18/18,40,3266.46,-345.91,-1074.63,1845.92,760.1,1.38,2607.4,96.93
2/19/18,35,2435.72,-146.24,0,2289.48,555.53,1.36,2846.37,81.61
2/20/18,21,1040.61,-105.74,-1491.25,-556.38,114.76,0,-441.62,62.58
2/21/18,20,1084.55,-58.79,-125.48,900.28,477.46,0,1377.74,78.92
2/22/18,24,1090.56,-28.75,-293.77,768.04,354.81,0,1122.85,62.72
2/23/18,18,902.71,-28.15,0,874.56,392.59,0,1267.15,70.39
2/24/18,28,2007.25,-149.36,-42.5,1815.39,654.68,0,2470.07,89.73
2/25/18,23,1236.58,-29.2,-98.97,1108.41,408.39,0.69,1517.49,71.43
2/26/18,28,2338.14,-69.3,-681.81,1587.03,568.67,5.23,2160.93,110.12
2/27/18,15,851.57,-65.32,-156.96,629.29,197.85,0,827.14,68.29
2/28/18,26,1982.55,-107.14,-59.99,1815.42,606.02,0.65,2422.09,95.46
3/1/18,15,765.8,-63.53,0,702.27,282.88,0,985.15,65.67
3/2/18,39,2865.82,-49.55,-380.41,2435.86,593.22,0,3029.08,89.95
3/3/18,23,1128.6,-44.34,0,1084.26,519.44,1.25,1604.95,69.78
3/4/18,28,1288.45,-75.84,-701,511.61,314.73,0,826.34,57.66
3/5/18,19,1067.13,-34.31,-452.17,580.65,189.46,2.5,772.61,68.52
3/6/18,22,2780.55,-792.09,0,1988.46,344.83,0.28,2333.57,106.07
3/7/18,27,1154.6,-57.64,-79.98,1016.98,352.47,0,1369.45,55.03
3/8/18,33,2259.79,-126.49,0,2133.3,457.34,5.94,2596.58,78.68
3/9/18,17,1812.5,-75.38,-127.97,1609.15,328.21,0,1937.36,122.07
3/10/18,13,810.73,-48.13,0,762.6,187.12,0,949.72,73.05
3/11/18,27,2721.48,-97.1,-80.49,2543.89,429.06,94.81,3067.76,117.11
3/12/18,30,1486.92,-50.12,-21.4,1415.4,459.43,1.87,1876.7,65.75
3/13/18,25,1324.52,-109.11,0,1215.41,359.41,0,1574.82,62.99
3/14/18,15,847.69,-42.77,-179.64,625.28,330.27,0.15,955.7,75.72
3/15/18,28,1397.44,-70.36,-99.67,1227.41,446.95,1.27,1675.63,65.19
3/16/18,21,1155.57,-42.59,-4,1108.98,390.42,0,1499.4,71.59
3/17/18,26,1111.43,-93.51,0,1017.92,314.75,1.99,1334.66,51.33
3/18/18,31,2294.36,-255.06,-17.98,2021.32,520.85,0.5,2542.67,82.6
3/19/18,22,1519.58,-149.97,-66.67,1302.94,519.06,0,1822,86.61
3/20/18,17,851.68,-31.72,0,819.96,216.39,0,1036.35,60.96
3/21/18,18,743.76,-40.42,-180.61,522.73,306.38,0,829.11,57.08
3/22/18,27,1451.45,-151.65,-197.18,1102.62,487.47,1.75,1591.84,68.27
3/23/18,21,1898.17,-27.13,0,1871.04,482.1,0,2353.14,112.05
3/24/18,16,1217.64,-146.18,-89.1,982.36,359.36,0,1341.72,91.43
3/25/18,42,3937.2,-320.08,-279.09,3338.03,491.54,0,3829.57,98.37
3/26/18,37,2915.18,-300.28,0,2614.9,607.73,0,3222.63,87.09
3/27/18,26,2006.68,-218.72,-89.98,1697.98,261.17,0,1959.15,78.81
3/28/18,66,40133.9,-34450.46,-393.21,5290.23,608.04,0,5898.27,95.48
3/29/18,47,4255.6,-622.35,-940.1,2693.15,514.91,0,3208.06,89.87
3/30/18,48,5059.48,-742.73,-251.96,4064.79,535.35,31.78,4631.92,101.74
3/31/18,59,5876.02,-982.37,-537.2,4356.45,431.86,0,4788.31,91.61
4/1/18,93,9393.49,-1383.97,0,8009.52,842.33,1.06,8852.91,95.19
4/2/18,23,1455.66,-108.89,-160.2,1186.57,402.73,1.01,1590.31,77.21
4/3/18,31,1644.67,-59,-56.99,1528.68,609.89,10.11,2148.68,73.13
4/4/18,31,2939.79,-32.91,-451.83,2455.05,443.43,65.62,2964.1,111.96
4/5/18,21,1791.48,-40.29,-525.91,1225.28,354.97,-9.36,1570.89,103.06
4/6/18,19,1126.07,-34.55,-154.96,936.56,317.07,0,1253.63,74.98
4/7/18,19,898.69,-47.4,-40.5,810.79,267.87,0,1078.66,59.49
4/8/18,25,1230.03,-50.15,0,1179.88,383.62,0.82,1564.32,62.57
4/9/18,22,1393.56,-105.66,-608.42,679.48,272.86,0,952.34,76.65
4/10/18,19,969.24,-49.44,-70.83,848.97,338.32,0,1187.29,67.15
4/11/18,30,1934.42,-127.74,-214.37,1592.31,475.1,9.54,2076.95,77.89
4/12/18,22,1009.54,-66.25,-59.97,883.32,351.54,0,1234.86,59.38
4/13/18,21,914.7,-56.92,-42.5,815.28,326.01,0,1141.29,57.08
4/14/18,23,1225.07,-45.19,-32.99,1146.89,435.94,0,1582.83,70.25
4/15/18,28,1663.53,-89.68,-40.5,1533.35,479.97,0,2013.32,73.35
4/16/18,25,2119,-64.73,-94.98,1959.29,405.7,0,2364.99,99.29
4/17/18,26,1084.45,-55.57,-39.98,988.9,460.44,0,1449.34,57.71
4/18/18,27,1277.48,-43.45,-509.59,724.44,408.3,3.12,1135.86,61.4
4/19/18,16,816.68,-55.87,-38.49,722.32,232.84,0,955.16,63.9
4/20/18,16,1041.06,-30.86,-148.22,861.98,86.71,0,948.69,76.47
4/21/18,22,910.65,-49.54,-36.3,824.81,416.82,0,1241.63,58.65
4/22/18,17,878.74,-55.34,-65.97,757.43,309.37,0,1066.8,67.32
4/23/18,23,1253,-63.28,-15,1174.72,402.4,0,1577.12,69.22
4/24/18,23,1856.38,-96.71,-113.85,1645.82,342.67,0,1988.49,92.34
4/25/18,29,2250.88,-85.32,-236.62,1928.94,361.57,0,2290.51,91
4/26/18,24,1813.02,-275.23,-89.99,1447.8,364.9,0,1812.7,79.27
4/27/18,22,1898.32,-157.02,0,1741.3,403.07,0,2144.37,97.47
4/28/18,17,844.7,-19.04,-524.3,301.36,229.98,0,531.34,68.55
4/29/18,35,1593.93,-52.36,-60.98,1480.59,458.85,0.31,1939.75,57.48
4/30/18,31,2570.2,-114.9,-80.99,2374.31,511.1,34.37,2919.78,97.15
5/1/18,17,1005.06,-46.53,-64.98,893.55,265.46,1.25,1160.26,72.73
5/2/18,65,2777.77,-177.85,-152.93,2446.99,807.17,-1.25,3252.91,52.7
5/3/18,28,2205.15,-192.74,-103.99,1908.42,550.39,0,2458.81,91.99
5/4/18,28,1355.81,-78.92,-215.95,1060.94,414.17,0,1475.11,61.19
5/5/18,21,1510.96,-69.54,-14.99,1426.43,342.99,0,1769.42,85.52
5/6/18,23,1386.49,-68.61,-38.25,1279.63,315.99,0,1595.62,71.03
5/7/18,32,2543.54,-49.56,-341.2,2152.78,540.4,0,2693.18,95.67
5/8/18,36,1376.42,-100.82,-205.05,1070.55,444.55,1.06,1516.16,49.46
5/9/18,32,2248.98,-111.19,-67.77,2070.02,389.5,1.58,2461.1,79.05
5/10/18,28,1183.51,-48.61,-372.16,762.74,260.46,0,1023.2,56.44
5/11/18,18,718.16,-34.67,-164.94,518.55,255.3,0,773.85,54.52
5/12/18,19,1209.46,-69.92,-38.25,1101.29,347.22,0.62,1449.13,78.28
5/13/18,24,1157.4,-56.66,0,1100.74,487.43,0,1588.17,66.17
5/14/18,38,2211.93,-128.82,-506.95,1576.16,481.02,0,2057.18,68.65
5/15/18,29,3517.39,-456.13,-115.77,2945.49,541.4,6.81,3493.7,125.42
5/16/18,39,2778.32,-101.26,-267.55,2409.51,609.31,1,3019.82,85.23
5/17/18,30,1367.87,-41.94,-254.78,1071.15,452.83,0.62,1524.6,61.41
5/18/18,33,2099.23,-186.71,-105.33,1807.19,628.2,1.43,2436.82,77.39
5/19/18,37,2471.56,-210.81,-94.6,2166.15,648.7,0,2814.85,78.94
5/20/18,28,1898.07,-139.64,-276.35,1482.08,344.32,2.19,1828.59,77.85
5/21/18,37,2537.67,-349.42,-285.91,1902.34,523.18,0,2425.52,76.54
5/22/18,37,2403.25,-232.65,-1015.83,1154.77,601.35,0,1756.12,79.8
5/23/18,44,3672.54,-478.66,-1232.25,1961.63,688.81,0,2650.44,92.35
5/24/18,39,4164.6,-567.26,0,3597.34,680.39,2.7,4280.43,109.75
5/25/18,39,3775.67,-375.1,-162.94,3237.63,679.39,36.87,3953.89,107.88
5/26/18,17,832.6,-40.57,-141.2,650.83,277.01,0,927.84,63.61
5/27/18,17,903.77,-82.19,-346.42,475.16,148.55,0,623.71,61.06
5/28/18,20,2131.51,-85.39,-192.44,1853.68,246.09,2.5,2102.27,116.73
5/29/18,34,1151.22,-43.97,-347.92,759.33,403.34,0,1162.67,46.04
5/30/18,60,2514.75,-140.28,-367.41,2007.06,697.68,4.54,2709.28,51.97
5/31/18,68,2692.34,-186.05,-128.64,2377.65,725.97,0.9,3104.52,47.54
6/1/18,50,2924.82,-223.56,-195.13,2506.13,463.93,1.12,2971.18,64.57
6/2/18,31,1350.36,-48.64,-415.37,886.35,312.14,0,1198.49,54.04
6/3/18,32,1604.04,-92.08,-27.97,1483.99,413.02,2.17,1899.18,62.47
6/4/18,42,2509.78,-139.42,-295.34,2075.02,509.44,0.62,2585.08,70.26
6/5/18,54,2097.03,-99.65,-2126,-128.62,599.05,0,470.43,48.81
6/6/18,39,3336.55,-128.44,-57.96,3150.15,530.1,2.19,3682.44,96.03
6/7/18,24,1896.27,-73.49,-463.83,1358.95,362.07,0.5,1721.52,92.55
6/8/18,27,2136.41,-38.62,-248.92,1848.87,347,62.5,2258.37,93.65
6/9/18,25,1289.51,-43.57,-39.99,1205.95,233.05,3.54,1442.54,59.9
6/10/18,34,1593.45,-85.98,-77.49,1429.98,472.99,0,1902.97,59.72
6/11/18,23,1096.02,-68.7,-818.79,208.53,218.28,-2.02,424.79,55.35
6/12/18,57,3324.45,-292.55,-1249.34,1782.56,546.58,0,2329.14,64.99
6/13/18,53,2422.54,-197.16,-69.74,2155.64,586.55,15.25,2757.44,53.78
6/14/18,34,1521.26,-112.38,-304.16,1104.72,518.59,0,1623.31,60.12
6/15/18,33,1563.58,-144.15,-169.88,1249.55,299.94,1.64,1551.13,56.44
6/16/18,22,750.74,-25.71,-124.98,600.05,259.43,0,859.48,45.45
6/17/18,36,2886.07,-170.61,-259.56,2455.9,993.77,0,3449.67,103.8
6/18/18,40,2031.09,-72.53,-152.97,1805.59,336.81,24.29,2166.69,61.14
6/19/18,27,1474.44,-66.73,-1355,52.71,373.39,0.87,426.97,67.15
6/20/18,27,1479.83,-140.97,-19.99,1318.87,464.54,1.85,1785.26,67.37
6/21/18,47,2802.36,-422.27,-1236.85,1143.24,415.39,0.9,1559.53,60.29
6/22/18,47,2517.07,-242.88,-611.97,1662.22,704.42,0.25,2366.89,63.59
6/23/18,46,2923.49,-426.96,-56.98,2439.55,613.39,0.8,3053.74,67.87
6/24/18,35,1600.12,-225.72,-327.46,1046.94,315.23,0.75,1362.92,51.66
6/25/18,19,1721.23,-52.92,-45.75,1622.56,452.2,0,2074.76,111.6
6/26/18,19,486.75,-19.18,-23.99,443.58,281.1,0,724.68,39.99
6/27/18,37,4559.25,-121.81,-604.23,3833.21,376.42,62.5,4272.13,134.95
6/28/18,32,1478.26,-159.32,-183.21,1135.73,515.73,0,1651.46,58.1
6/29/18,31,1748.39,-29.4,-53.59,1665.4,408.6,0.94,2074.94,69.08
6/30/18,42,1816.99,-130.4,0,1686.59,551.16,0.31,2238.06,53.28
7/1/18,30,1424.92,-101.74,-1582.42,-259.24,460.76,0.75,202.27,60.29
7/2/18,24,695.59,-47.1,-563.38,85.11,205.07,0,290.18,37.61
7/3/18,36,1417.84,-82.71,-614.66,720.47,303.37,0,1023.84,45.9
7/4/18,37,2362.63,-289.94,0,2072.69,547.68,4.77,2625.14,70.94
7/5/18,30,1380.29,-147.03,-181.11,1052.15,350.53,0.27,1402.95,53.65
7/6/18,26,1104.18,-54.09,-626.46,423.63,252.74,0,676.37,56.88
7/7/18,21,1270.03,-41.24,0,1228.79,383.77,0,1612.56,77.02
7/8/18,24,1063.57,-49.98,-139.41,874.18,411.16,0,1285.34,60.01
7/9/18,27,2967.29,-64.07,-319.48,2583.74,547.09,0.27,3131.1,130.8
7/10/18,27,1169.44,-77.36,-177.11,914.97,255.35,0.85,1171.17,51.33
7/11/18,19,1477.36,-106.53,-49.99,1320.84,391.4,0,1712.24,96.76
7/12/18,17,1067.53,-73.64,-415.34,578.55,146.3,0,724.85,69.99
7/13/18,90,3072.25,-168.29,-44.99,2858.97,1041.55,0,3900.52,43.89
7/14/18,33,1529.48,-124.72,-33.98,1370.78,511.4,0,1882.18,58.06
7/15/18,32,1524.88,-86.4,-34.99,1403.49,462.98,0,1866.47,60.21
7/16/18,24,1379.92,-55.11,0,1324.81,349.52,11.96,1686.29,70.26
7/17/18,29,1751.37,-96.33,-3.4,1651.64,503.56,1.5,2156.7,74.48
7/18/18,20,2004.46,-234.51,-156.95,1613,343.09,3.56,1959.65,109.07
7/19/18,32,1435.41,-61.07,-102.15,1272.19,413.69,0.87,1686.75,56.98
7/20/18,32,1333.38,-89.79,-359.23,884.36,354.2,1.22,1239.78,52.46
7/21/18,23,1058.46,-19.31,-52.99,986.16,332.32,4.49,1322.97,60.25
7/22/18,61,2776.73,-114.24,-211.92,2450.57,817.81,3.99,3272.37,58.34
7/23/18,62,2259.76,-137.11,-14.01,2108.64,731.07,0,2839.71,46.4
7/24/18,50,2912.23,-158.23,-216.81,2537.19,612.23,0.65,3150.07,68.12
7/25/18,44,2267.07,-118,-590.36,1558.71,510.34,0.3,2069.35,65.16
7/26/18,40,2942.27,-94.8,-582.12,2265.35,366.02,10.35,2641.72,84.11
7/27/18,22,946.58,-38.71,-162.94,744.93,201.77,0,946.7,54.58
7/28/18,30,1740.94,-76.13,-256.03,1408.78,457.66,-0.5,1865.94,71.41
7/29/18,31,1244.5,-68.31,-231.48,944.71,374.88,0,1319.59,51.29
7/30/18,40,2263.05,-188.32,-162.13,1912.6,707.05,3.18,2622.83,70.16
7/31/18,45,1699.1,-191.14,-86.04,1421.92,637.17,0.85,2059.94,47.79
8/1/18,23,1401.52,-120.02,-609.86,671.64,311.29,6.09,989.02,74.89
8/2/18,35,1503.11,-75.07,-383.39,1044.65,304.82,6.73,1356.2,51.49
8/3/18,36,1994.76,-110.2,-351.37,1533.19,448.18,3.12,1984.49,66.67
8/4/18,30,1218.45,-78.28,-102.25,1037.92,509.19,0.43,1547.54,55.37
8/5/18,36,1856.19,-237.18,-118.65,1500.36,347.65,4.55,1852.56,55.31
8/6/18,43,1933.7,-183.39,-809.03,941.28,373.47,3.77,1318.52,53.81
8/7/18,52,2547.8,-333.88,-77.99,2135.93,534.12,0.35,2670.4,54.09
8/8/18,43,2568.05,-246.66,-492.86,1828.53,366.68,0,2195.21,65.81
8/9/18,34,1936.84,-200.42,-689.02,1047.4,241.36,1.25,1290.01,62.07
8/10/18,42,1847.76,-188.92,-207.18,1451.66,501.19,-1.07,1951.78,51.69
8/11/18,38,2016.52,-214.77,-110.36,1691.39,481.24,1.78,2174.41,60.82
8/12/18,33,1630.16,-150.82,-231.95,1247.39,361.6,1.25,1610.24,57.6
8/13/18,171,7660.51,-505.55,-260.74,6894.22,1546.27,19.15,8459.64,51.36
8/14/18,62,2685.3,-211.36,-556.15,1917.79,616.67,7.27,2541.73,50.2
8/15/18,51,1961.03,-106.02,-512.05,1342.96,399.83,1.25,1744.04,46.54
8/16/18,30,1726.82,-91.63,-389.68,1245.51,429.16,0.75,1675.42,70.03
8/17/18,70,3509.91,-332.07,-273.88,2903.96,946.82,3.05,3853.83,59.11
8/18/18,40,2192.5,-135.04,-310.89,1746.57,570.96,0,2317.53,67.24
8/19/18,39,2057.99,-129.15,-181.99,1746.85,754.24,1.4,2502.49,69.4
8/20/18,33,1308.43,-74.03,-421.17,813.23,371.49,0,1184.72,50.32
8/21/18,46,2884.05,-159.53,-231.96,2492.56,735.51,1.62,3229.69,75.57
8/22/18,74,5328.37,-510.09,-211.95,4606.33,856.98,8.39,5471.7,77.58
8/23/18,49,2846.91,-146.57,-790.6,1909.74,729.59,0.62,2639.95,71.56
8/24/18,74,4051.32,-794.18,-295.18,2961.96,783.74,7.94,3753.64,54.78
8/25/18,51,2776.27,-508.27,-300.02,1967.98,412.91,0.28,2381.17,54.4
8/26/18,40,2782.57,-460.05,-38.8,2283.72,558.77,3.89,2846.38,72.57
8/27/18,34,1831.91,-241.08,-316.7,1274.13,372.93,0.66,1647.72,59.62
8/28/18,46,3399.3,-183.67,-255.14,2960.49,517.77,32,3510.26,83.72
8/29/18,96,4624.59,-517.65,-302.94,3804,1144.21,21.37,4969.58,55.24
8/30/18,64,3402.02,-351.65,-544.56,2505.81,671.28,7.59,3184.68,60.58
8/31/18,38,1447.27,-88.63,-282.96,1075.68,560.3,3.12,1639.1,51.1
9/1/18,33,1406.13,-104.09,-220.55,1081.49,485.02,0.93,1567.44,57.68
9/2/18,38,1703.3,-136.41,0,1566.89,468.77,4.75,2040.41,53.69
9/3/18,19,887.62,-82.37,0,805.25,151.12,0,956.37,50.33
9/4/18,35,1723.37,-62.36,-424.91,1236.1,455.22,0,1691.32,61.36
9/5/18,32,1364.35,-78.2,-240.1,1046.05,538.93,0,1584.98,57.34
9/6/18,28,1420.55,-37.29,-267.72,1115.54,469.3,0,1584.84,67.77
9/7/18,33,1455.36,-53.38,-99.23,1302.75,555.14,0,1857.89,59.3
9/8/18,19,1108.66,-29.18,-216.89,862.59,320.36,0,1182.95,76.93
9/9/18,34,1670.46,-67.78,-61.98,1540.7,504.12,2.12,2046.94,62.17
9/10/18,24,903.55,-20.01,-468.79,414.75,180.33,0.37,595.45,48.06
9/11/18,29,2376.21,-124.13,-140.96,2111.12,496.63,-2,2605.75,95.82
9/12/18,29,1615.35,-38.39,-915.8,661.16,268.23,0.75,930.14,68.73
9/13/18,33,1813.95,-96.28,-232.07,1485.6,319.02,0,1804.62,62.02
9/14/18,27,1381.52,-135.12,-117.63,1128.77,334.01,0,1462.78,58.71
9/15/18,18,520.74,-13.81,-51.39,455.54,216.08,0,671.62,40.44
9/16/18,38,2069.88,-165.9,0,1903.98,529.95,1.06,2434.99,64.07
9/17/18,55,4516.29,-294.1,-403.18,3819.01,576.54,-0.64,4394.91,88.49
9/18/18,44,3354.6,-445.15,-120,2789.45,429.52,0.75,3219.72,76.16
9/19/18,86,7615.08,-988.18,-520.03,6106.87,679.11,1.27,6787.25,86.14
9/20/18,31,1795.44,-114.36,-528.82,1152.26,485.34,-0.75,1636.85,70.85
9/21/18,27,971.5,-52.92,-341.56,577.02,237.05,0.32,814.39,44.81
9/22/18,21,1588.63,-71.77,-171.31,1345.55,195.36,38.52,1579.43,85.96
9/23/18,32,2085.15,-176.14,-569.98,1339.03,513.36,-32.99,1819.4,75.89
9/24/18,35,1862.8,-108.97,-1146.22,607.61,209.08,0.38,817.07,60.57
9/25/18,35,2116.43,-119.01,-289.19,1708.23,529.29,1.15,2238.67,74.05
9/26/18,55,3387.51,-483.71,-356.43,2547.37,639.11,2.44,3188.92,65.03
9/27/18,34,2900.79,-320.99,-135.46,2444.34,506.67,0,2951.01,91.44
9/28/18,28,1573.29,-131.98,-106.58,1334.73,305.37,7.91,1648.01,63.07
9/29/18,40,2406.76,-230.38,-255.45,1920.93,633.06,0,2553.99,71.9
9/30/18,23,1054.72,-126.13,-65.97,862.62,335.24,0,1197.86,54.94
10/1/18,24,1088.12,-69.01,-297.48,721.63,257.13,-2.25,976.51,55.23
10/2/18,32,1268.52,-91.01,-143.63,1033.88,435.54,0.12,1469.54,51.55
10/3/18,28,1700.17,-92.23,-509.2,1098.74,248.05,1.52,1348.31,68.68
10/4/18,21,1136.38,-75.36,-826.6,234.42,303.37,5.68,543.47,68.25
10/5/18,33,1879.33,-117.84,-177.47,1584.02,465.41,-0.81,2048.62,68.19
10/6/18,32,1794.22,-126.2,-84.84,1583.18,433.24,0.64,2017.06,66.81
10/7/18,27,1518.44,-40.69,-433.19,1044.56,503.83,0,1548.39,73.39
10/8/18,27,947.62,-57.66,-345.82,544.14,416.14,0,960.28,49.96
10/9/18,24,1639.54,-64.94,-15.31,1559.29,362.23,2.12,1923.64,81.2
10/10/18,23,1154.07,-76.53,-276.72,800.82,312.24,0.56,1113.62,61.38
10/11/18,27,1022.59,-46.47,-90.08,886.04,333.63,1.94,1221.61,50.4
10/12/18,24,1097.62,-26.57,-533.04,538.01,292.31,-1.32,829,63.91
10/13/18,21,1113.44,-64.14,0,1049.3,332.16,0,1381.46,65.78
10/14/18,47,3571.42,-482.26,-178.53,2910.63,444.68,0,3355.31,75.43
10/15/18,41,2597.45,-216.79,-176.98,2203.68,381.88,1.43,2586.99,67.41
10/16/18,64,4440.17,-463.29,-21.25,3955.63,784.43,0,4740.06,74.39
10/17/18,37,2207.45,-229.89,-329.17,1648.39,311.48,0,1959.87,63.17
10/18/18,33,2169.58,-201.23,-469.66,1498.69,333.82,0,1832.51,70.21