month,shipping_region,orders,gross_sales,discounts,returns,net_sales,shipping,taxes,total_sales,average_order_value
2017-11,Queensland,3,152.96,0,0,152.96,180.67,0,333.63,111.21
2017-11,Buenos Aires,1,54.98,0,0,54.98,57.73,0,112.71,112.71
2017-11,Arizona,13,1008.18,-158.42,-29.99,819.77,206.04,0,1025.81,82.53
2017-11,São Paulo,1,120,0,0,120,59.11,0,179.11,179.11
2017-11,Wisconsin,11,635.8,-78.62,-9.25,547.93,149.61,0,697.54,64.25
2017-11,California,157,10286.85,-809.43,-552.05,8925.37,2545.97,0,11471.34,77.03
2017-11,Montana,3,137.94,-13.9,0,124.04,41.75,0,165.79,55.26
2017-11,New York,122,7541.6,-614.65,-213.15,6713.8,1356.92,0,8070.72,68.07
2017-11,British Columbia,4,474.88,-95.22,-96,283.66,146.27,0,429.93,142.91
2017-11,Minnesota,15,766.28,-35.44,0,730.84,235.16,0,966,64.4
2017-11,Connecticut,26,2048.36,-104.97,-51,1892.39,288.2,0,2180.59,85.83
2017-11,Louisiana,9,608.82,-100.13,-11.05,497.64,122.57,0,620.21,70.14
2017-11,Varese,1,117.97,0,0,117.97,62.67,0,180.64,180.64
2017-11,New Mexico,4,223.91,-6.73,0,217.18,63.52,0,280.7,70.17
2017-11,Coahuila,1,39.99,-5.99,0,34,53.65,0,87.65,87.65
2017-11,South Australia,1,19.99,0,0,19.99,58.48,0,78.47,78.47
2017-11,Washington,21,1033.55,-121.32,-87.49,824.74,372.71,0,1197.45,61.77
2017-11,Limerick,1,99.98,-14.98,0,85,0,0,85,144.28
2017-11,Western Australia,3,204.94,-20.96,0,183.98,196.36,0,380.34,126.78
2017-11,Delhi,0,0,0,-107.15,-107.15,0,0,-107.15,0
2017-11,Hawaii,2,59.98,0,0,59.98,29.45,0,89.43,44.71
2017-11,Free State,1,69.98,0,0,69.98,65.38,0,135.36,135.36
2017-11,Alberta,5,359.88,-29.54,-29.99,300.35,237.7,0,538.05,113.6
2017-11,Missouri,14,1085.85,-39.23,0,1046.62,170.72,0,1217.34,86.95
2017-11,Australian Capital Territory,1,118.99,0,0,118.99,63.71,0,182.7,182.7
2017-11,Victoria,5,628.8,-63.01,-45,520.79,281.01,0,801.8,182.1
2017-11,Massachusetts,254,19701.25,-2632.84,-1360.35,15708.06,1050.54,141.24,16899.84,72.11
2017-11,Arkansas,4,289.91,-43.69,0,246.22,60.87,0,307.09,76.77
2017-11,West Virginia,2,84.98,0,-29.99,54.99,11.2,0,66.19,54.53
2017-11,Colorado,19,1074.07,-76.74,-25.98,971.35,297.99,0,1269.34,68.17
2017-11,New South Wales,7,913.81,-37.36,0,876.45,627.5,0,1503.95,214.85
2017-11,Alabama,8,798.82,-43.52,0,755.3,113.68,0,868.98,108.62
2017-11,Ohio,37,1983.32,-210.61,-42.98,1729.73,463.93,0,2193.66,60.44
2017-11,North Dakota,2,104.97,0,0,104.97,26.03,0,131,65.5
2017-11,Idaho,6,287.9,-14.31,0,273.59,91.63,0,365.22,60.87
2017-11,Wyoming,2,61.98,-12.49,0,49.49,23.4,0,72.89,36.44
2017-11,Maine,8,380.87,-35.95,-103.47,241.45,74.92,0,316.37,54.35
2017-11,Manitoba,1,42.98,0,0,42.98,42.66,0,85.64,85.64
2017-11,Texas,75,3557.3,-283.08,-189.43,3084.79,1027.81,0,4112.6,57.74
2017-11,Illinois,55,2961.97,-273.29,-84.37,2604.31,741.07,0,3345.38,62.6
2017-11,Ontario,30,2217.8,-166.29,-50.49,2001.02,1359.12,0,3360.14,115.21
2017-11,Dublin,1,138.49,-5.99,0,132.5,62.67,0,195.17,195.17
2017-11,Roma,0,0,0,-85.16,-85.16,-26.73,0,-111.89,0
2017-11,Georgia,28,1235.59,-89.59,-89.98,1056.02,331.62,0,1387.64,53.26
2017-11,North Carolina,31,1906.56,-154.62,-35.2,1716.74,350.5,0,2067.24,68.18
2017-11,Indiana,20,1046.67,-128.37,-38.5,879.8,249.81,0,1129.61,58.4
2017-11,New Hampshire,18,1405.7,-112.07,-24.99,1268.64,182.19,0,1450.83,82.24
2017-11,Milano,1,16.99,0,0,16.99,55.89,0,72.88,72.88
2017-11,Tōkyō,1,39.99,-7.99,0,32,64.23,0,96.23,96.23
2017-11,Luxembourg District,1,34.98,0,0,34.98,55.89,0,90.87,90.87
2017-11,Oklahoma,12,485.39,-51.6,-76.98,356.81,120.96,0,477.77,48.14
2017-11,Virginia,36,1876.3,-234.68,0,1641.62,439.22,0,2080.84,57.8
2017-11,Barcelona,2,298.77,-37.31,-32,229.46,138.68,0,368.14,200.07
2017-11,New Jersey,37,2365.82,-360.9,-244.41,1760.51,421.5,0,2182.01,65.89
2017-11,Oregon,10,723.16,-43.03,0,680.13,163.67,0,843.8,84.38
2017-11,Vermont,3,154.96,-11.23,0,143.73,32.1,0,175.83,58.61
2017-11,Moscow,1,34.96,-1.48,0,33.48,66.01,0,99.49,99.49
2017-11,Kanagawa,1,113.97,-17.08,0,96.89,71.7,0,168.59,168.59
2017-11,Manawatu Wanganui,1,20,0,0,20,63.71,0,83.71,83.71
2017-11,Alaska,2,336.86,-74.01,0,262.85,50.56,0,313.41,156.7
2017-11,Utah,8,398.41,-18.72,-24.99,354.7,100.65,0,455.35,61.58
2017-11,South Carolina,14,712.72,-66.84,-6.99,638.89,170.52,0,809.41,61.06
2017-11,Pennsylvania,66,3600.82,-382.52,-167.72,3050.58,760.22,0,3810.8,60.45
2017-11,Ōsaka,3,456.84,-69.41,0,387.43,200.15,0,587.58,195.86
2017-11,Nagasaki,1,16.99,0,0,16.99,60.49,0,77.48,77.48
2017-11,,65,5239.51,-183.85,-121.96,4933.7,3782.92,0,8716.62,138.72
2017-11,Rhode Island,9,346.88,-35.32,-38.25,273.31,75.34,0,348.65,45.39
2017-11,Selangor,1,169.94,-33.94,0,136,75.78,0,211.78,211.78
2017-11,Michigan,31,1913.32,-212.16,-49.98,1651.18,400.87,0,2052.05,68.24
2017-11,Kansas,1,39.99,0,-55.98,-15.99,14.54,0,-1.45,54.53
2017-11,Puerto Rico,2,89.98,0,-44.99,44.99,11.7,0,56.69,56.69
2017-11,Nebraska,1,117.96,0,0,117.96,17.25,0,135.21,135.21
2017-11,Ciudad De México,1,39.99,-7.99,0,32,53.65,0,85.65,85.65
2017-11,Cantabria,1,43.98,0,0,43.98,55.89,0,99.87,99.87
2017-11,Maryland,24,1203.57,-106.42,0,1097.15,282.8,0,1379.95,57.96
2017-11,Kentucky,10,367.87,-23.5,0,344.37,144.87,0,489.24,48.92
2017-11,Valle Del Cauca,1,72.97,-14.57,0,58.4,62.73,0,121.13,121.13
2017-11,District Of Columbia,11,676.83,-69.23,0,607.6,135.2,0,742.8,67.52
2017-11,Quebec,6,342.83,-19.77,0,323.06,274.26,0,597.32,99.55
2017-11,Nova Scotia,1,44.99,0,0,44.99,45.71,0,90.7,90.7
2017-11,Northern Mariana Islands,1,74.97,0,0,74.97,17.15,0,92.12,92.12
2017-11,Florida,65,3184.86,-303.46,-248.16,2633.24,824.08,0,3457.32,57.8
2017-11,Mississippi,5,348.98,-11.07,0,337.91,60.5,0,398.41,79.68
2017-11,Ciudad Autónoma De Buenos Aires,1,112.96,-22.56,0,90.4,67.73,0,158.13,158.13
2017-11,Iowa,14,508.8,-35.23,-11.99,461.58,165.95,0,627.53,45.68
2017-11,Brescia,1,54.98,0,-6.99,47.99,59.28,0,107.27,114.26
2017-11,Nevada,9,562.75,-21.5,-235.87,305.38,135.63,0,441.01,77.62
2017-11,Delaware,3,141.94,-27.49,0,114.45,34.26,0,148.71,49.57
2017-11,Tennessee,9,453.83,-25.46,-29.99,398.38,103.13,0,501.51,60.57
2017-11,Saskatchewan,3,248.96,-14.85,0,234.11,140.18,0,374.29,124.76
2017-12,Arkansas,6,389.82,-37.95,0,351.87,84,0,435.87,72.64
2017-12,Missouri,27,1254.35,-61.95,-55.25,1137.15,438.89,0,1576.04,61.26
2017-12,Waikato,1,150.93,-22.59,-17,111.34,68.94,0,180.28,197.28
2017-12,Northwest Territories,1,39.99,0,0,39.99,45.71,0,85.7,85.7
2017-12,New York,198,12262.09,-651.31,-699.16,10911.62,2220.86,0,13132.48,70.27
2017-12,Victoria,4,245.89,-28.56,0,217.33,260.07,0,477.4,119.35
2017-12,North Carolina,43,2059.01,-111.51,-188.42,1759.08,470.86,0,2229.94,57.94
2017-12,Firenze,1,44.99,0,0,44.99,59.28,0,104.27,104.27
2017-12,Hawaii,3,139.95,0,0,139.95,53.49,0,193.44,64.48
2017-12,Ontario,30,2087.29,-122.31,-160.73,1804.25,1340.85,0,3145.1,113.34
2017-12,Oklahoma,10,470.77,-39.1,0,431.67,164.36,0,596.03,59.6
2017-12,Texas,138,8600.39,-622.75,-615.15,7362.49,2097,0,9459.49,73.76
2017-12,Georgia,39,1879.12,-151.83,-42.99,1684.3,529.12,0,2213.42,58.2
2017-12,Massachusetts,211,12139.72,-685.75,-717.26,10736.71,1296.68,137.92,12171.31,61.25
2017-12,Iowa,4,169.96,-12.73,-85.95,71.28,29.08,0,100.36,52.87
2017-12,Idaho,4,242.96,-20.39,0,222.57,63.75,0,286.32,71.58
2017-12,Kentucky,17,1079.78,-38.18,0,1041.6,227.32,0,1268.92,74.64
2017-12,Wisconsin,17,829.67,-40.95,0,788.72,265.82,0,1054.54,62.03
2017-12,New Jersey,92,4545.49,-368.72,-321.46,3855.31,1009.02,0,4864.33,56.99
2017-12,Maine,12,944.63,-82.8,-42.5,819.33,129.38,0,948.71,83.51
2017-12,Western Australia,2,135.94,0,0,135.94,132.65,0,268.59,134.29
2017-12,Ōsaka,0,0,0,-33.75,-33.75,0,0,-33.75,0
2017-12,New Brunswick,3,286.94,-8.99,0,277.95,143.23,0,421.18,140.39
2017-12,Abu Dhabi,1,124.97,-31.22,0,93.75,59.28,0,153.03,153.03
2017-12,Ciudad De México,0,0,0,-85.65,-85.65,0,0,-85.65,0
2017-12,Illinois,74,3949.61,-250.1,-232.9,3466.61,1026.75,0,4493.36,64.69
2017-12,Manitoba,1,89.98,0,0,89.98,48.76,0,138.74,138.74
2017-12,Newfoundland,1,39.99,0,0,39.99,45.71,0,85.7,85.7
2017-12,California,202,12386.45,-866.69,-1208.88,10310.88,3626.84,0,13937.72,75.83
2017-12,Wyoming,1,44.99,-6.74,0,38.25,17.15,0,55.4,55.4
2017-12,Colorado,26,1696.58,-157.4,0,1539.18,405.28,0,1944.46,74.78
2017-12,Orissa,1,65.98,-9.88,0,56.1,62.16,0,118.26,118.26
2017-12,Connecticut,44,1977.88,-96.13,-200.21,1681.54,473.5,0,2155.04,53.78
2017-12,,59,5197.13,-233.34,-465.58,4498.21,3542.6,0,8040.81,148.38
2017-12,Australian Capital Territory,1,24.97,0,0,24.97,68.94,0,93.91,93.91
2017-12,Quebec,7,364.91,-23.83,0,341.08,323.02,0,664.1,94.87
2017-12,North Dakota,1,24.99,0,0,24.99,11.7,0,36.69,36.69
2017-12,Cantabria,1,198,0,0,198,62.67,0,260.67,260.67
2017-12,Shanghai,1,179.91,0,-179.91,0,0,0,0,260.01
2017-12,Oregon,17,754.66,-39.79,0,714.87,286.22,0,1001.09,58.88
2017-12,Washington,27,1306.63,-89.78,0,1216.85,403.05,0,1619.9,59.99
2017-12,Palermo,1,101.97,-15.28,0,86.69,59.28,0,145.97,145.97
2017-12,South Carolina,27,1186.66,-90.72,-6.75,1089.19,363.76,0,1452.95,54.06
2017-12,Paraíba,1,67.97,0,0,67.97,63.19,0,131.16,131.16
2017-12,Montana,3,257.92,-16.47,0,241.45,91.11,0,332.56,110.85
2017-12,Las Palmas,1,131.95,0,0,131.95,69.46,0,201.41,201.41
2017-12,Arizona,19,1405.67,-88.9,-122.93,1193.84,331.35,0,1525.19,87.39
2017-12,Nebraska,5,165.89,-22.4,0,143.49,69.31,0,212.8,42.56
2017-12,Virginia,56,3230.64,-230.5,-157.39,2842.75,672.12,0,3514.87,65.8
2017-12,Utah,7,785.79,-14.22,-7.5,764.07,66.35,0,830.42,130.42
2017-12,Ohio,53,2461.12,-196.09,-90,2175.03,655.24,0,2830.27,56.15
2017-12,Florida,106,4765.32,-353.15,-182.48,4229.69,1429.19,0,5658.88,55.67
2017-12,Indiana,19,748.21,-56.15,-38.25,653.81,236.37,0,890.18,48.86
2017-12,District Of Columbia,4,480.29,-44.17,-39.99,396.13,61.36,0,457.49,124.37
2017-12,Barcelona,3,81.97,0,-16.99,64.98,115.17,0,180.15,84.34
2017-12,Roma,1,44.99,0,0,44.99,59.28,0,104.27,104.27
2017-12,Piacenza,1,44.98,-5.99,0,38.99,59.28,0,98.27,98.27
2017-12,Queensland,2,194.93,-29.18,0,165.75,132.65,0,298.4,149.2
2017-12,Michigan,67,3166.48,-143.18,-119.97,2903.33,906.36,0,3809.69,58.99
2017-12,Minnesota,27,1298.65,-94.21,-33,1171.44,361.4,0,1532.84,57.99
2017-12,Maryland,56,2748,-192.07,-200.2,2355.73,675.54,0,3031.27,58.1
2017-12,Tennessee,25,1165.65,-58.16,-70.49,1037,310.64,0,1347.64,56.72
2017-12,Delaware,4,167.92,-10.47,-2.7,154.75,47.2,0,201.95,51.16
2017-12,Western Cape,0,0,0,-39.99,-39.99,-65.38,0,-105.37,0
2017-12,West Virginia,8,490.39,-39.54,0,450.85,98,0,548.85,68.6
2017-12,Saitama,1,79.98,0,0,79.98,67.96,0,147.94,147.94
2017-12,São Paulo,1,19.99,0,0,19.99,55.03,0,75.02,75.02
2017-12,Pennsylvania,88,4262.44,-267.51,-273.07,3721.86,979.44,0,4701.3,57.02
2017-12,South Dakota,1,44.99,0,0,44.99,11.49,0,56.48,56.48
2017-12,Ceará,1,99,0,0,99,59.11,0,158.11,158.11
2017-12,Louisiana,14,648.75,-46.4,-59.98,542.37,173.64,0,716.01,56.26
2017-12,Nevada,12,601.82,0,-86.98,514.84,214.73,0,729.57,70.09
2017-12,Sinaloa,1,79.98,-11.99,0,67.99,57.73,0,125.72,125.72
2017-12,Alberta,12,1098.65,-62.84,-16,1019.81,572.29,0,1592.1,136.09
2017-12,Mississippi,5,285.92,0,0,285.92,69.31,0,355.23,71.04
2017-12,Delhi,2,238.46,0,0,238.46,128.86,0,367.32,183.66
2017-12,Kansas,11,640.88,-51.65,0,589.23,142.97,0,732.2,66.56
2017-12,Tōkyō,2,164.95,-24.7,0,140.25,135.93,0,276.18,138.09
2017-12,New Mexico,1,39.98,-5.98,0,34,12.3,0,46.3,46.3
2017-12,Auckland,1,61.97,-9.28,0,52.69,68.94,0,121.63,121.63
2017-12,New Hampshire,13,533.81,-46.4,-62,425.41,140.92,0,566.33,48.33
2017-12,New South Wales,4,196.92,-6.74,-493.84,-303.66,249.61,0,-54.05,109.94
2017-12,British Columbia,4,137.94,0,0,137.94,182.84,0,320.78,80.19
2017-12,Madrid,1,44.99,-6.74,0,38.25,59.28,0,97.53,97.53
2017-12,Vermont,5,271.88,-8.56,0,263.32,54.44,0,317.76,63.55
2017-12,Nova Scotia,6,503.41,-11.98,0,491.43,277.31,0,768.74,128.12
2017-12,Rhode Island,14,626.8,-32.73,-46.75,547.32,146.02,0,693.34,53.61
2017-12,Tabasco,1,39.98,0,0,39.98,53.65,0,93.63,93.63
2017-12,Alabama,20,1026.75,-65.23,-34,927.52,245.08,0,1172.6,61.05
2017-12,Buenos Aires,1,139.94,-20.96,-38.23,80.75,67.73,0,148.48,186.71
2017-12,Armed Forces Europe,1,134.97,0,0,134.97,15.87,0,150.84,150.84
2017-12,Como,1,49.99,0,0,49.99,59.28,0,109.27,109.27
2018-01,Missouri,8,319.86,-5.99,-15.99,297.88,108.49,0,406.37,52.79
2018-01,Arkansas,2,79.95,-9.72,-17,53.23,32.26,0,85.49,51.24
2018-01,District Of Columbia,5,170.93,0,0,170.93,57.8,0,228.73,45.74
2018-01,Manitoba,1,549.99,0,0,549.99,131.5,0,681.49,681.49
2018-01,Texas,35,1871.31,-151.96,-370.67,1348.68,527.16,0,1875.84,64.18
2018-01,Shanghai,1,199.9,0,0,199.9,86.82,0,286.72,286.72
2018-01,New Mexico,3,85.93,-8.58,0,77.35,47.33,0,124.68,41.56
2018-01,Utah,2,89.98,-7.49,-38.25,44.24,34.91,0,79.15,58.7
2018-01,Delaware,1,81.97,-12.27,0,69.7,11.74,0,81.44,81.44
2018-01,Ohio,5,586.96,-10.48,0,576.48,46.72,0,623.2,124.64
2018-01,Setúbal,1,49.99,0,0,49.99,59.28,0,109.27,109.27
2018-01,Puerto Rico,2,130.94,-9.87,0,121.07,27.57,0,148.64,74.32
2018-01,Victoria,1,95.97,0,0,95.97,74.17,0,170.14,170.14
2018-01,New Hampshire,4,194.93,-9.99,0,184.94,42.58,0,227.52,56.88
2018-01,Tennessee,5,241.92,-22.74,0,219.18,59.72,0,278.9,55.78
2018-01,New Brunswick,1,44.99,0,0,44.99,45.71,0,90.7,90.7
2018-01,Auckland,0,0,0,-5.09,-5.09,0,0,-5.09,0
2018-01,Arizona,9,539.74,-66.14,-89.24,384.36,146.72,0,531.08,68.92
2018-01,South Carolina,6,225.9,-8.38,-44.99,172.53,72.84,0,245.37,48.39
2018-01,Distrito Federal,1,29.98,0,0,29.98,59.11,0,89.09,89.09
2018-01,Armed Forces Pacific,3,149.94,-15.71,0,134.23,42.78,0,177.01,59
2018-01,Aceh,1,49.99,0,0,49.99,64.4,0,114.39,114.39
2018-01,Canterbury,1,19.99,0,0,19.99,60.78,0,80.77,80.77
2018-01,Barcelona,2,177.94,-13.92,0,164.02,127.82,0,291.84,145.92
2018-01,Roma,0,0,0,-44.99,-44.99,-59.28,0,-104.27,0
2018-01,Georgia,18,994.11,-45.5,-63.75,884.86,209.54,0,1094.4,64.97
2018-01,Alabama,2,169.95,-10.47,-128.21,31.27,26.39,0,57.66,92.93
2018-01,Queensland,2,130.92,-21.15,0,109.77,145.64,0,255.41,127.7
2018-01,Guangdong,1,83.93,0,0,83.93,72.05,0,155.98,155.98
2018-01,Massachusetts,69,4603.04,-377.07,-339.91,3886.06,427.16,44.41,4357.63,68.19
2018-01,Virginia,10,595.73,-19.87,-51,524.86,126.46,0,651.32,70.23
2018-01,Quebec,3,237.91,0,0,237.91,150.93,0,388.84,129.61
2018-01,Kanagawa,1,84.98,0,0,84.98,70.44,0,155.42,155.42
2018-01,British Columbia,4,177.87,-16.54,0,161.33,189.45,0,350.78,87.69
2018-01,Nevada,2,69.98,0,0,69.98,69.46,0,139.44,69.72
2018-01,North Carolina,15,864.78,-25.46,-41.24,798.08,174.21,0,972.29,68.31
2018-01,New York,70,3498.78,-292.6,-252.69,2953.49,772.76,0,3726.25,57.27
2018-01,Nebraska,1,47.98,0,-53.79,-5.81,11.49,0,5.68,59.47
2018-01,Kentucky,9,356.88,-37.84,0,319.04,114.46,0,433.5,48.16
2018-01,Maine,3,120.97,-6.74,-19.99,94.24,31.62,0,125.86,48.61
2018-01,Wisconsin,3,86.97,-9.99,0,76.98,34.02,0,111,37
2018-01,Maryland,14,853.63,-55.31,-49.95,748.37,172.68,0,921.05,69.35
2018-01,Indiana,6,379.87,-29.85,-109.84,240.18,107.84,0,348.02,76.31
2018-01,Maharashtra,1,26.96,-4.01,0,22.95,57.61,0,80.56,80.56
2018-01,Ciudad De México,2,79.98,0,0,79.98,109.14,0,189.12,94.56
2018-01,Pennsylvania,20,934.71,-63.69,-352.91,518.11,229.9,0,748.01,55.69
2018-01,New Jersey,28,1407.23,-65.61,-430.92,910.7,294.22,0,1204.92,59.62
2018-01,Louisiana,12,740.66,-26.34,-10.39,703.93,168.59,0,872.52,73.57
2018-01,Oregon,7,362.83,-19.43,0,343.4,116.95,0,460.35,65.76
2018-01,Florida,39,1508.34,-90.86,-338.23,1079.25,490.64,0,1569.89,49.22
2018-01,Zaragoza,1,39.99,0,0,39.99,61.52,0,101.51,101.51
2018-01,Firenze,1,29.99,0,0,29.99,55.89,0,85.88,85.88
2018-01,Sulawesi Selatan,1,19.99,0,0,19.99,57.61,0,77.6,77.6
2018-01,Nova Scotia,1,89.97,0,0,89.97,45.71,0,135.68,135.68
2018-01,Vermont,1,74.98,0,0,74.98,11.86,0,86.84,86.84
2018-01,Washington,11,318.85,-20.48,-75.49,222.88,161.86,0,384.74,41.83
2018-01,București,1,44.99,0,0,44.99,68.25,0,113.24,113.24
2018-01,Modena,1,88.97,-10.78,0,78.19,59.28,0,137.47,137.47
2018-01,Mississippi,2,84.98,-6.74,0,78.24,29.44,0,107.68,53.84
2018-01,Minnesota,17,681.67,-58.19,-34,589.48,235.53,0,825.01,50.53
2018-01,Kansas,2,56.98,0,0,56.98,23.1,0,80.08,40.04
2018-01,Illinois,20,826.64,-54.87,-237.22,534.55,230.61,0,765.16,51.25
2018-01,Michigan,6,398.62,-3.99,-154.98,239.65,129.73,0,369.38,87.39
2018-01,,29,2355.08,-101.72,-254.97,1998.39,1736.26,0,3734.65,140.54
2018-01,Hawaii,1,49.99,0,0,49.99,17.15,0,67.14,67.14
2018-01,Colorado,13,487.78,-7.3,-10.2,470.28,242.06,0,712.34,55.58
2018-01,Connecticut,6,343.92,-6.28,-77.98,259.66,65.82,0,325.48,67.24
2018-01,Ontario,18,1195.53,-33.37,-39.99,1122.17,850.91,0,1973.08,111.83
2018-01,California,68,3832.85,-166.1,-664.95,3001.8,1073.68,0,4075.48,70.91
2018-01,Paraíba,0,0,0,-131.16,-131.16,0,0,-131.16,0
2018-01,Selangor,1,141.94,-28.34,0,113.6,78.72,0,192.32,192.32
2018-01,Jakarta,2,195.93,-7.18,0,188.75,133.4,0,322.15,161.07
2018-01,Iowa,4,144.96,-9.73,0,135.23,57.3,0,192.53,48.13
2018-01,New South Wales,3,116.87,-8.06,0,108.81,150.27,0,259.08,107.75
2018-01,Oklahoma,5,209.93,-11.23,0,198.7,75.54,0,274.24,54.84
2018-02,Puerto Rico,1,19.99,-2.99,0,17,11.82,0,28.82,28.82
2018-02,Montana,2,559.96,0,0,559.96,12.42,0,572.38,286.19
2018-02,Louisiana,4,95.96,-6.68,0,89.28,49.73,0,139.01,34.75
2018-02,Missouri,9,441.85,-14.72,0,427.13,211.95,0,639.08,71
2018-02,Oregon,1,79.97,0,0,79.97,57.04,0,137.01,137.01
2018-02,New Mexico,3,94.96,0,0,94.96,42.6,0,137.56,45.85
2018-02,Uttar Pradesh,1,49.98,0,0,49.98,64.4,0,114.38,114.38
2018-02,District Of Columbia,6,128.89,0,0,128.89,83.1,0,211.99,35.33
2018-02,Jakarta,1,124.96,-22.46,-159.95,-57.45,2.7,0,-54.75,176.44
2018-02,Ohio,12,594.79,-18.12,0,576.67,153.65,0,730.32,60.86
2018-02,Virginia,17,866.75,-55.88,-73.93,736.94,224.24,0,961.18,60.88
2018-02,South Dakota,1,39.99,0,0,39.99,14.9,0,54.89,54.89
2018-02,Alicante,0,0,0,-88.95,-88.95,-62.67,0,-151.62,0
2018-02,Firenze,1,44.99,0,-44.99,0,61.52,0,61.52,106.51
2018-02,Connecticut,8,379.85,-31.88,0,347.97,82.74,0,430.71,54.46
2018-02,Mississippi,0,0,0,-38.25,-38.25,-14.9,0,-53.15,0
2018-02,South Carolina,6,343.88,-47.32,0,296.56,78.32,0,374.88,62.48
2018-02,Arizona,4,164.96,-6.74,0,158.22,65.7,0,223.92,55.98
2018-02,Wellington,1,220.91,0,0,220.91,82.17,0,303.08,303.08
2018-02,São Paulo,1,44.99,0,0,44.99,60.95,0,105.94,105.94
2018-02,Massachusetts,64,4625.57,-270.11,-815.14,3540.32,367.72,51.51,3959.55,75.47
2018-02,Savona,1,39.99,0,0,39.99,61.52,0,101.51,101.51
2018-02,Alabama,10,458.74,0,0,458.74,158.03,0,616.77,61.67
2018-02,Colorado,10,409.88,-25.44,0,384.44,127.2,0,511.64,51.16
2018-02,Minnesota,7,232.89,-4.78,-65.98,162.13,94.43,0,256.56,46.07
2018-02,Tennessee,10,392.87,-7.62,0,385.25,181.83,0,567.08,56.7
2018-02,Kentucky,1,27.99,0,0,27.99,11.4,0,39.39,39.39
2018-02,West Virginia,2,80.95,0,-39.98,40.97,14.68,0,55.65,53.44
2018-02,Vermont,1,29.99,0,0,29.99,10.54,0,40.53,40.53
2018-02,New South Wales,3,114.95,-6.58,0,108.37,193.02,0,301.39,100.46
2018-02,Barcelona,1,71.98,0,-39.99,31.99,2.24,0,34.23,133.5
2018-02,Maine,5,356.81,-55.84,0,300.97,61.16,0,362.13,72.42
2018-02,Utah,3,137.96,-7.49,-42.5,87.97,30.18,0,118.15,57.69
2018-02,North Dakota,2,74.98,-9.99,0,64.99,23.22,0,88.21,44.1
2018-02,Coahuila,1,74.97,0,0,74.97,55.49,0,130.46,130.46
2018-02,Ontario,9,700.72,-66.25,0,634.47,461.18,0,1095.65,121.73
2018-02,Western Australia,1,99,-19.8,0,79.2,66.12,0,145.32,145.32
2018-02,Selangor,1,403.46,-80.69,0,322.77,96.43,0,419.2,419.2
2018-02,Lisboa,0,0,0,0,0,0,0,0,0
2018-02,New Hampshire,5,304.89,-19.32,0,285.57,55.46,0,341.03,68.2
2018-02,Nevada,4,152.95,-6.58,0,146.37,60.36,0,206.73,51.68
2018-02,Quebec,3,187.94,-22.15,-39.99,125.8,94.64,0,220.44,102.58
2018-02,Indiana,10,541.77,-48.69,0,493.08,131.08,0,624.16,62.41
2018-02,Pennsylvania,13,667.85,-36.61,0,631.24,144.54,0,775.78,60.06
2018-02,Guam,1,39.99,0,0,39.99,17.76,0,57.75,57.75
2018-02,Delaware,2,79.98,0,0,79.98,23.48,0,103.46,51.73
2018-02,Rhode Island,5,236.91,-23.83,-49.99,163.09,43.48,0,206.57,53.55
2018-02,Queensland,1,49.99,0,0,49.99,66.12,0,116.11,116.11
2018-02,Dubai,1,39.98,0,0,39.98,56.18,0,96.16,96.16
2018-02,Verona,2,556.85,0,0,556.85,164.44,0,721.29,360.64
2018-02,California,72,4031.1,-292.61,-221.21,3517.28,1150.49,0,4667.77,68.38
2018-02,Victoria,2,195.96,0,0,195.96,142.94,0,338.9,169.45
2018-02,New York,54,3388.69,-221.41,-80.98,3086.3,669.93,0,3756.23,71.3
2018-02,Texas,47,2480.64,-177.12,-99.96,2203.56,714.23,0,2917.79,64.9
2018-02,Washington,8,586.77,-53.76,0,533.01,125.06,0,658.07,82.25
2018-02,Wisconsin,10,416.87,-35.19,-128.23,253.45,123.92,0,377.37,50.56
2018-02,,36,4514.66,-108.39,-181.46,4224.81,2319.92,0,6544.73,188.56
2018-02,Kansas,2,51.98,0,-11.99,39.99,26.51,0,66.5,39.24
2018-02,Valle Del Cauca,0,0,0,-24,-24,0,0,-24,0
2018-02,Alberta,7,584.79,-29.95,0,554.84,350.5,0,905.34,129.33
2018-02,Oklahoma,3,114.97,-8.09,0,106.88,35.25,0,142.13,47.37
2018-02,Goiás,1,24.99,0,0,24.99,56.69,0,81.68,81.68
2018-02,Milano,1,49.99,-7.49,0,42.5,61.52,0,104.02,104.02
2018-02,Michigan,9,420.86,-35.38,0,385.48,140.4,0,525.88,58.43
2018-02,Illinois,28,2334.61,-278.27,-59.98,1996.36,343.48,0,2339.84,85.7
2018-02,Hawaii,1,34.98,0,0,34.98,17.76,0,52.74,52.74
2018-02,Maryland,9,415.8,-43.17,-25.5,347.13,103.28,0,450.41,54.32
2018-02,Aveiro,1,44.99,0,0,44.99,61.52,0,106.51,106.51
2018-02,Florida,219,20625.6,-242.44,-17540.58,2842.58,914.46,0,3757.04,112.52
2018-02,Arkansas,4,70.92,-4.99,-7.95,57.98,38.12,0,96.1,28.91
2018-02,Iowa,3,98.97,0,0,98.97,34.62,0,133.59,44.53
2018-02,Georgia,11,471.73,-14.97,-51,405.76,189.88,0,595.64,58.78
2018-02,North Carolina,9,416.87,-39.43,0,377.44,115.16,0,492.6,54.73
2018-02,Idaho,2,59.98,0,0,59.98,30.18,0,90.16,45.08
2018-02,Nuevo León,1,49.99,0,-49.99,0,0,0,0,105.48
2018-02,New Jersey,28,1691.39,-164.67,-97.48,1429.24,337.54,0,1766.78,66.58
2018-02,Kaliningrad Oblast,1,44.99,0,0,44.99,68.25,0,113.24,113.24
2018-02,Nebraska,3,119.97,-7.49,0,112.48,34.83,0,147.31,49.1
2018-02,Alessandria,1,15.99,0,0,15.99,57.9,0,73.89,73.89
2018-03,Pennsylvania,24,1387.47,-115.83,-19.99,1251.65,283.62,0,1535.27,64.8
2018-03,Manitoba,1,44.99,0,0,44.99,47.32,0,92.31,92.31
2018-03,Alaska,2,128.98,-31.48,0,97.5,24.84,0,122.34,61.17
2018-03,Alberta,1,64.98,0,0,64.98,47.32,0,112.3,112.3
2018-03,,32,3006.22,-239.88,-12.99,2753.35,1910.96,0,4664.31,146.16
2018-03,Saskatchewan,1,49.97,0,0,49.97,47.32,0,97.29,97.29
2018-03,Oklahoma,3,60.97,0,0,60.97,38.54,0,99.51,33.17
2018-03,Vermont,2,244.94,-19.45,0,225.49,24.86,0,250.35,125.17
2018-03,Montana,0,0,0,-59.97,-59.97,0,0,-59.97,0
2018-03,Pulau Pinang,1,298.9,-51.71,0,247.19,83.14,0,330.33,330.33
2018-03,Illinois,28,1618.44,-82.33,-116.23,1419.88,384.2,0,1804.08,69.08
2018-03,Massachusetts,204,56158.17,-37297.97,-1028.8,17831.4,654.82,144.09,18630.31,97.12
2018-03,British Columbia,2,477.93,-76.55,-79.2,322.18,80.54,0,402.72,260.77
2018-03,Michigan,18,1752.53,-98.44,-24.99,1629.1,318.19,0,1947.29,109.57
2018-03,West Virginia,2,64.98,0,0,64.98,22.52,0,87.5,43.75
2018-03,Tennessee,10,1188.77,-21.46,-952.86,214.45,79.02,0,293.47,136.07
2018-03,Tōkyō,2,166.97,-23.23,0,143.74,125,0,268.74,134.37
2018-03,Virginia,23,1451.05,-117.12,-23.25,1310.68,297.92,0,1608.6,70.95
2018-03,Bergamo,1,89.98,0,-89.98,0,0,0,0,155.13
2018-03,Ontario,2,164.96,-18.96,-18,128,94.64,0,222.64,120.32
2018-03,Auckland,1,49.99,0,0,49.99,66.12,0,116.11,116.11
2018-03,Missouri,9,306.9,-8.98,-142.98,154.94,73.51,0,228.45,46.17
2018-03,Quebec,2,192.9,-8.98,0,183.92,101.08,0,285,142.5
2018-03,Kansas,4,174.95,-13.18,0,161.77,49.73,0,211.5,52.87
2018-03,Connecticut,11,650.8,-42.95,-19.2,588.65,129.5,0,718.15,67.03
2018-03,Maine,3,151.95,-14.98,0,136.97,33.36,0,170.33,56.77
2018-03,North Carolina,25,1057.66,-74.57,0,983.09,311.47,0,1294.56,51.78
2018-03,North Dakota,2,109.98,-8.99,0,100.99,23.64,0,124.63,62.31
2018-03,Iowa,3,80.98,-5.99,0,74.99,41.2,0,116.19,38.73
2018-03,Louisiana,5,225.9,-18.76,-39.98,167.16,61.55,0,228.71,53.73
2018-03,Armed Forces Pacific,1,57.98,0,0,57.98,17.76,0,75.74,75.74
2018-03,Nevada,6,260.92,-10.28,-44.99,205.65,89.97,0,295.62,56.76
2018-03,Uttar Pradesh,1,135.94,-13.06,0,122.88,64.4,0,187.28,187.28
2018-03,South Carolina,8,365.85,-27.17,-24.99,313.69,103.69,0,417.38,55.29
2018-03,Arizona,6,245.86,-9.73,0,236.13,89.97,0,326.1,54.35
2018-03,Ohio,10,491.87,-69.12,-44.99,377.76,108.09,0,485.85,54.22
2018-03,Colorado,8,652.83,-12.99,-59.99,579.85,156.55,0,736.4,99.54
2018-03,Newfoundland,1,47.98,0,0,47.98,47.32,0,95.3,95.3
2018-03,Nebraska,3,127.94,-13.16,-44.99,69.79,41.41,0,111.2,52.06
2018-03,Wisconsin,4,189.95,-18.97,0,170.98,53.31,0,224.29,56.07
2018-03,Indiana,10,284.9,-15.8,0,269.1,170.77,0,439.87,43.98
2018-03,Minnesota,10,527.87,-42.75,-44.99,440.13,132.08,0,572.21,61.72
2018-03,Alabama,3,88.96,-5.99,0,82.97,34.83,0,117.8,39.26
2018-03,Arkansas,6,322.9,-28.21,-44.99,249.7,79.06,0,328.76,62.29
2018-03,New Mexico,4,293.88,-6.74,0,287.14,69.9,0,357.04,89.26
2018-03,California,108,7259.4,-513.96,-345.62,6399.82,1767.33,0,8167.15,79.62
2018-03,Northern Territory,1,31.98,0,0,31.98,66.12,0,98.1,98.1
2018-03,Victoria,2,171.97,-4.78,0,167.19,132.24,0,299.43,149.71
2018-03,South Dakota,1,49.99,-10.99,0,39,16.32,0,55.32,55.32
2018-03,New York,67,3497.76,-272.73,-175.97,3049.06,745.32,0,3794.38,59.58
2018-03,Seoul,1,84.98,-8.48,0,76.5,60.95,0,137.45,137.45
2018-03,Venezia,1,36.99,0,0,36.99,57.9,0,94.89,94.89
2018-03,Maryland,12,1245.27,-82.95,-137.34,1024.98,152.36,0,1177.34,111.19
2018-03,New South Wales,3,192.93,0,0,192.93,209.07,0,402,134
2018-03,Málaga,1,29.98,0,0,29.98,57.9,0,87.88,87.88
2018-03,Delaware,1,59.98,-13.18,0,46.8,11.74,0,58.54,58.54
2018-03,Rhode Island,5,248.9,-34.27,0,214.63,56.96,0,271.59,54.31
2018-03,Georgia,14,998.05,-39.06,-157.98,801.01,180.4,0,981.41,82.19
2018-03,Virgin Islands,1,16.99,0,0,16.99,11.82,0,28.81,28.81
2018-03,Utah,4,1030.94,0,0,1030.94,177.94,0,1208.88,302.22
2018-03,Idaho,1,19.99,0,0,19.99,12.42,0,32.41,32.41
2018-03,Hawaii,1,17.99,0,0,17.99,12.42,0,30.41,30.41
2018-03,Dubai,1,216.9,0,0,216.9,85.96,0,302.86,302.86
2018-03,Kentucky,7,452.89,-39.95,-52,360.94,89.36,0,450.3,71.75
2018-03,Florida,33,2472.7,-96.17,-1049.63,1326.9,345.5,0,1672.4,86.95
2018-03,New Hampshire,3,107.96,-11.08,0,96.88,31.62,0,128.5,42.83
2018-03,District Of Columbia,6,252.94,-16.79,-28.99,207.16,70.98,0,278.14,51.18
2018-03,New Jersey,33,1825.43,-168.48,-137.65,1519.3,391.32,0,1910.62,62.06
2018-03,Texas,48,2543.26,-231.6,-146.28,2165.38,639.33,0,2804.71,62.06
2018-03,Puerto Rico,6,578.95,-6.28,0,572.67,187.04,0,759.71,126.61
2018-03,Norte De Santander,1,39.99,0,0,39.99,59.63,0,99.62,99.62
2018-03,Oregon,6,193.91,-16.53,0,177.38,85.2,0,262.58,43.76
2018-03,Washington,12,941.86,-78.94,0,862.92,212.01,0,1074.93,89.57
2018-04,District Of Columbia,10,450.35,-3.88,-90.95,355.52,95.24,0,450.76,56.98
2018-04,Tōkyō,2,208.4,0,0,208.4,140.88,0,349.28,174.64
2018-04,Illinois,29,1620.06,-47.35,-39.99,1532.72,363.07,0,1895.79,67.23
2018-04,New South Wales,6,406.87,-23.83,0,383.04,418.12,0,801.16,133.52
2018-04,Missouri,7,517.86,-39.54,-118.99,359.33,130.82,0,490.15,87.02
2018-04,Michigan,17,1039.7,-69.88,-173.73,796.09,209.59,0,1005.68,70.19
2018-04,Iowa,3,182.93,-4.49,-1,177.44,30.01,0,207.45,73.28
2018-04,Kansas,3,420.93,-2.99,-159.98,257.96,33.66,0,291.62,157.19
2018-04,British Columbia,2,89.97,0,-49.98,39.99,47.32,0,87.31,92.3
2018-04,Delaware,2,69.98,-3.74,0,66.24,22.16,0,88.4,44.2
2018-04,Wyoming,1,23.97,-3.57,0,20.4,19.59,0,39.99,39.99
2018-04,Puerto Rico,2,79.98,-11.98,0,68,32.64,0,100.64,50.32
2018-04,Western Australia,1,194.93,-16.64,0,178.29,82.17,0,260.46,260.46
2018-04,Idaho,2,44.98,-0.74,0,44.24,30.18,0,74.42,37.21
2018-04,North Carolina,13,510.73,-25.5,-89.98,395.25,165.42,0,560.67,50.05
2018-04,New York,91,6492.18,-268.31,-483.79,5740.08,981.98,0,6722.06,80.03
2018-04,Western Cape,0,0,0,0.04,0.04,0,0,0.04,0
2018-04,Alberta,2,109.96,0,0,109.96,94.64,0,204.6,102.3
2018-04,Alaska,2,216.95,0,0,216.95,42.17,0,259.12,129.56
2018-04,Washington,17,1001.71,-50.24,-71.09,880.38,236.6,0,1116.98,70.61
2018-04,Kanagawa,0,0,0,0,0,0,0,0,0
2018-04,South Carolina,6,308.87,-14.98,-48.39,245.5,100.64,0,346.14,65.75
2018-04,Tennessee,7,524.82,-41.73,0,483.09,104.26,0,587.35,83.9
2018-04,Florida,44,1957.2,-130.09,-153.73,1673.38,559.98,0,2233.36,55.53
2018-04,Vermont,3,114.97,0,-49.98,64.99,21.08,0,86.07,48.86
2018-04,Maine,1,39.99,0,0,39.99,11.74,0,51.73,51.73
2018-04,Hawaii,5,247.9,0,0,247.9,106.72,0,354.62,70.92
2018-04,Pennsylvania,23,1836.38,-136.85,-81.05,1618.48,265.02,0,1883.5,86.37
2018-04,Arkansas,2,57.97,-6.77,0,51.2,23.22,0,74.42,37.21
2018-04,Alabama,2,57.97,-4.28,-28.49,25.2,11.61,0,36.81,38.45
2018-04,Kentucky,2,32.98,-1.59,0,31.39,22.8,0,54.19,27.09
2018-04,Oklahoma,3,149.88,-22.34,0,127.54,46.12,0,173.66,57.88
2018-04,Maryland,22,1237.16,-59.61,0,1177.55,278.74,0,1456.29,66.19
2018-04,Colorado,11,1069.61,-58.94,-15,995.67,183.18,0,1178.85,108.53
2018-04,Newfoundland,1,19.99,0,0,19.99,44.1,0,64.09,64.09
2018-04,South Dakota,3,90.96,-11.23,0,79.73,35.04,0,114.77,38.25
2018-04,Cork,1,118.99,0,0,118.99,61.52,0,180.51,180.51
2018-04,California,82,4043.02,-205.21,-595.28,3242.53,1166.74,0,4409.27,62.73
2018-04,New Jersey,26,1701.46,-69.19,-172.47,1459.8,287.97,0,1747.77,74.76
2018-04,Queensland,1,62.98,0,0,62.98,66.12,0,129.1,129.1
2018-04,Wisconsin,7,223.92,-7.48,-25.5,190.94,77.04,0,267.98,43.92
2018-04,Modena,1,124.96,0,0,124.96,68.77,0,193.73,193.73
2018-04,Utah,5,340.95,-28.5,0,312.45,77.55,0,390,78
2018-04,Nebraska,3,84.96,-8.72,0,76.24,34.83,0,111.07,37.02
2018-04,North Dakota,2,104.46,-3.99,0,100.47,31.22,0,131.69,65.84
2018-04,Louisiana,1,39.99,0,0,39.99,14.9,0,54.89,54.89
2018-04,Massachusetts,113,11102.5,-1302.73,-889.3,8910.47,406.42,116.6,9433.49,91.74
2018-04,Nevada,4,129.95,-4.63,0,125.32,49.68,0,175,43.75
2018-04,,29,2284.69,-74.78,-429.81,1780.1,1595.46,0,3375.56,140.04
2018-04,Georgia,12,1743.31,-249.27,-128.98,1365.06,179.74,0,1544.8,140.64
2018-04,Nova Scotia,2,109.97,0,-49.99,59.98,47.32,0,107.3,102.3
2018-04,Rio De Janeiro,1,69.95,0,0,69.95,60.95,0,130.9,130.9
2018-04,Indiana,6,430.91,-45.17,-88.4,297.34,64.35,0,361.69,76.91
2018-04,Segovia,1,89.98,0,0,89.98,65.15,0,155.13,155.13
2018-04,Dubai,1,14.97,0,-4.99,9.98,66.64,0,76.62,81.61
2018-04,Virginia,18,752.8,-14.47,-20,718.33,211.32,0,929.65,52.75
2018-04,Oregon,10,1110.85,-26.25,-38.25,1046.35,128.98,0,1175.33,123.13
2018-04,Minnesota,7,393.94,-12.78,-17.85,363.31,94.43,0,457.74,67.94
2018-04,Ontario,5,318.85,-21.53,-21.89,275.43,252.7,0,528.13,110
2018-04,Victoria,1,49.99,0,0,49.99,66.12,0,116.11,116.11
2018-04,Auckland,1,89.98,0,0,89.98,71.47,0,161.45,161.45
2018-04,Quebec,4,373.94,-61.64,0,312.3,198.94,0,511.24,127.81
2018-04,New Hampshire,7,414.94,-26.4,0,388.54,75.1,0,463.64,66.23
2018-04,Chiba,1,16.99,0,0,16.99,62.5,0,79.49,79.49
2018-04,Connecticut,16,727.79,-73.11,-104.99,549.69,166.32,0,716.01,51.97
2018-04,West Virginia,2,71.97,0,0,71.97,26,0,97.97,48.98
2018-04,Arizona,7,375.45,-42.53,-19.99,312.93,92.28,0,405.21,60.74
2018-04,Kuala Lumpur,1,104,0,0,104,64.4,0,168.4,168.4
2018-04,Texas,41,2204.59,-152.62,-251.46,1800.51,582.97,0,2383.48,65.24
2018-04,Ohio,13,528.35,-25.17,0,503.18,178.35,0,681.53,52.42
2018-04,Mississippi,1,12.99,0,0,12.99,11.61,0,24.6,24.6
2018-05,Jakarta,2,267.91,0,-39.99,227.92,83.14,0,311.06,207.72
2018-05,Rhode Island,4,207.94,-17.67,0,190.27,38.72,0,228.99,57.24
2018-05,District Of Columbia,7,388.82,-43.51,-16.34,328.97,90.14,0,419.11,62.2
2018-05,Massachusetts,119,10126,-1014.62,-887.65,8223.73,688.18,62.82,8974.73,83.64
2018-05,Kentucky,3,47.92,0,0,47.92,34.2,0,82.12,27.37
2018-05,Alberta,4,334.86,-57.91,0,276.95,186.06,0,463.01,115.75
2018-05,Kansas,4,211.92,-40.69,0,171.23,62.99,0,234.22,58.55
2018-05,Northern Territory,1,29.99,-7.49,0,22.5,66.12,0,88.62,88.62
2018-05,Michigan,34,1501.22,-119.09,-124.93,1257.2,398.54,0,1655.74,53.04
2018-05,Vermont,1,24.99,-6.24,-49.99,-31.24,0,0,-31.24,29.29
2018-05,Ōsaka,1,64.99,0,0,64.99,66.47,0,131.46,131.46
2018-05,Pennsylvania,45,2230.14,-131.03,-445.85,1653.26,458.18,0,2111.44,58.37
2018-05,Oklahoma,3,279.98,-60,0,219.98,39.75,0,259.73,86.57
2018-05,Australian Capital Territory,1,19.99,0,0,19.99,60.78,0,80.77,80.77
2018-05,Connecticut,26,1097.41,-36.2,-129.99,931.22,268.34,0,1199.56,51.54
2018-05,Maine,2,63.97,-5.99,0,57.98,16.2,0,74.18,37.09
2018-05,Arizona,7,199.91,-8.99,-34.99,155.93,97.05,0,252.98,41.13
2018-05,Ceará,1,44.95,0,0,44.95,60.95,0,105.9,105.9
2018-05,Wyoming,1,19.99,0,0,19.99,11.82,0,31.81,31.81
2018-05,New Mexico,2,44.96,-1.59,0,43.37,24.84,0,68.21,34.1
2018-05,Florida,54,3793.06,-276.27,-591.04,2925.75,757.69,0,3683.44,80.47
2018-05,Ontario,8,894.69,-39.81,-114.97,739.91,366.49,0,1106.4,158.98
2018-05,Idaho,1,79.98,0,0,79.98,17.76,0,97.74,97.74
2018-05,Arkansas,4,239.87,-20.23,-21.99,197.65,43.19,0,240.84,68.61
2018-05,Colorado,14,440.75,-18.38,-32.98,389.39,197.6,0,586.99,44.28
2018-05,Utah,2,24.98,0,0,24.98,17.42,0,42.4,21.2
2018-05,Louisiana,5,143.88,-1.99,0,141.89,69.34,0,211.23,42.24
2018-05,Ohio,23,1043.66,-61.95,-194.45,787.26,246.82,0,1034.08,55.64
2018-05,Nevada,7,473.77,-77.3,0,396.47,134.34,0,530.81,75.83
2018-05,Delaware,4,218.24,-36.45,0,181.79,40.88,0,222.67,55.66
2018-05,South Dakota,1,41.98,0,-25.5,16.48,3.29,0,19.77,56.88
2018-05,Queensland,4,1054.61,-134.49,0,920.12,391.44,0,1311.56,327.89
2018-05,New Hampshire,3,284.9,-14.37,-75,195.53,33.78,0,229.31,101.43
2018-05,Indiana,8,444.86,-25.45,0,419.41,105.06,0,524.47,65.55
2018-05,Illinois,40,2190.13,-64.86,-106.94,2018.33,529.13,0,2547.46,67.48
2018-05,Alabama,3,62.97,0,-24.99,37.98,23.22,0,61.2,33.69
2018-05,Mississippi,2,17.98,0,-17.98,0,0,0,0,20.6
2018-05,São Paulo,1,39.99,0,0,39.99,60.95,0,100.94,100.94
2018-05,Tennessee,5,302.89,-53.66,0,249.23,64.42,0,313.65,62.73
2018-05,Virginia,34,2080.05,-152.8,-98.97,1828.28,393.9,0,2222.18,68.94
2018-05,Paraná,1,74.98,-11.23,0,63.75,60.95,0,124.7,124.7
2018-05,Tucumán,1,24.99,0,0,24.99,59.63,0,84.62,84.62
2018-05,Missouri,4,250.93,-5.99,0,244.94,59.13,0,304.07,76.01
2018-05,California,132,7330.38,-486.93,-1090.05,5753.4,1882.85,0,7636.25,67.5
2018-05,Wisconsin,6,195.91,-2.49,-59.99,133.43,67.14,0,200.57,43.42
2018-05,Maryland,22,1807.85,-18.88,-100.72,1688.25,294.38,0,1982.63,95.2
2018-05,Roma,1,195.87,0,0,195.87,65.15,0,261.02,261.02
2018-05,British Columbia,2,81.97,-11.23,0,70.74,91.42,0,162.16,81.08
2018-05,Alaska,0,0,0,-44.99,-44.99,0,0,-44.99,0
2018-05,New South Wales,7,501.88,-38.72,0,463.16,468.21,0,931.37,133.05
2018-05,Victoria,3,204.94,0,0,204.94,198.37,0,403.31,134.43
2018-05,New York,116,6788.01,-705.38,-888.3,5194.33,1176.24,0,6370.57,63.71
2018-05,,23,1866.13,-139.84,-1250.64,475.65,1103.09,0,1578.74,137.14
2018-05,Oregon,4,227.88,-5.24,0,222.64,75.08,0,297.72,74.43
2018-05,West Virginia,1,69.98,-10.48,0,59.5,13,0,72.5,72.5
2018-05,Iowa,5,244.86,-9.99,-49.99,184.88,65.84,0,250.72,60.14
2018-05,North Carolina,19,1661.39,-62.57,-174.94,1423.88,221.35,0,1645.23,98.86
2018-05,Texas,69,4848.37,-328.14,-355.16,4165.07,1107.38,0,5272.45,82.25
2018-05,Georgia,21,768.74,-63.53,-106.98,598.23,246.8,0,845.03,45.33
2018-05,Nebraska,1,127.47,-0.89,-18.98,107.6,16.32,0,123.92,142.9
2018-05,Gauteng,1,94.95,0,0,94.95,74.58,0,169.53,169.53
2018-05,Hawaii,3,43.97,0,0,43.97,29.84,0,73.81,24.6
2018-05,Washington,15,875.1,-99.29,-250.16,525.65,215.27,0,740.92,67.8
2018-05,Minnesota,11,444.84,-42.29,0,402.55,165.18,0,567.73,51.61
2018-05,New Jersey,43,3109.36,-370.36,-108.06,2630.94,453.26,0,3084.2,75.36
2018-05,Puerto Rico,1,45.98,0,0,45.98,16.32,0,62.3,62.3
2018-05,South Carolina,9,317.78,-9.97,0,307.81,106.12,0,413.93,45.99
2018-05,Rio De Janeiro,1,19.99,0,0,19.99,56.69,0,76.68,76.68
2018-05,Ciudad De México,1,59.98,0,0,59.98,55.49,0,115.47,115.47
2018-05,Quebec,3,437.42,0,-89.25,348.17,104.3,0,452.47,197.42
2018-06,Maine,7,354.89,-15.98,-44.99,293.92,76.96,0,370.88,59.41
2018-06,New Jersey,45,1978.5,-128.14,-452.69,1397.67,439.68,0,1837.35,51.31
2018-06,Hawaii,6,230.9,-26.19,0,204.71,57.53,0,262.24,43.7
2018-06,Maryland,29,3010.41,-335.71,-185.92,2488.78,375.68,0,2864.46,105.18
2018-06,Nevada,3,172.42,0,0,172.42,35,0,207.42,69.14
2018-06,Iowa,5,119.81,-10.96,0,108.85,40,0,148.85,29.77
2018-06,Virginia,39,1401.28,-73.55,-360.47,967.26,297.38,0,1264.64,43.65
2018-06,Indiana,5,176.94,-12.73,-11.99,152.22,44.34,0,196.56,42.71
2018-06,Berlin,1,34.99,-5.24,0,29.75,57.96,0,87.71,87.71
2018-06,Armed Forces Europe,2,29.98,-3.99,0,25.99,20,0,45.99,22.99
2018-06,New South Wales,6,1895.19,-38.94,-124.72,1731.53,648.71,0,2380.24,417.49
2018-06,Nebraska,2,45.98,0,0,45.98,10,0,55.98,27.99
2018-06,Australian Capital Territory,1,89.97,-17.97,0,72,76.82,0,148.82,148.82
2018-06,Puerto Rico,4,141.94,-7.17,-49.99,84.78,31.82,0,116.6,54.1
2018-06,British Columbia,3,174.87,-13.48,-39.99,121.4,90.56,0,211.96,99.75
2018-06,Kentucky,6,148.81,-22.94,0,125.87,58.17,0,184.04,30.67
2018-06,Quebec,2,56.98,0,0,56.98,88.2,0,145.18,72.59
2018-06,Beijing,1,19.99,0,0,19.99,61.35,0,81.34,81.34
2018-06,Pennsylvania,39,1573.41,-110.7,-289.43,1173.28,346.9,0,1520.18,47.16
2018-06,Manitoba,1,84.98,0,0,84.98,36.8,0,121.78,121.78
2018-06,Arkansas,4,95.94,-9.56,-8.99,77.39,30,0,107.39,29.09
2018-06,Alabama,7,1658.87,0,0,1658.87,53.22,0,1712.09,244.58
2018-06,Armed Forces Pacific,1,99.97,0,0,99.97,25,0,124.97,124.97
2018-06,Queensland,0,0,0,-34,-34,0,0,-34,0
2018-06,Hertford,1,64.98,-6.48,0,58.5,68.19,0,126.69,126.69
2018-06,Missouri,12,602.78,-50.63,-10.99,541.16,95.34,0,636.5,54.92
2018-06,Connecticut,16,712.69,-31.9,-184.94,495.85,129.18,0,625.03,51.93
2018-06,Michigan,18,759.66,-85.71,-177.22,496.73,159.05,0,655.78,49.94
2018-06,North Dakota,3,80.69,0,-13.98,66.71,25,0,91.71,35.23
2018-06,Idaho,1,27.99,-2.79,0,25.2,5,0,30.2,30.2
2018-06,Moscow Oblast,1,39.99,0,0,39.99,68.25,0,108.24,108.24
2018-06,Nova Scotia,3,265.89,-11.98,0,253.91,132.96,0,386.87,128.95
2018-06,District Of Columbia,16,524.63,-23.35,-59.98,441.3,117.66,0,558.96,39.91
2018-06,New Hampshire,6,724.92,-0.74,-223.54,500.64,44.92,0,545.56,129.01
2018-06,,32,2171.04,-162.72,-278.93,1729.39,1706.75,0,3436.14,124.26
2018-06,Pernambuco,1,39.99,-7.99,0,32,60.95,0,92.95,92.95
2018-06,Montana,3,94.97,-11.48,0,83.49,20,0,103.49,34.49
2018-06,Hokkaidō,1,98.94,0,0,98.94,74.4,0,173.34,173.34
2018-06,Minnesota,9,353.91,-19.46,-54.88,279.57,89.7,0,369.27,47.12
2018-06,Ancona,1,59.98,0,0,59.98,61.52,0,121.5,121.5
2018-06,California,125,7495.79,-581.67,-833.3,6080.82,1782.24,0,7863.06,70.05
2018-06,Sharjah,1,389.86,-77.87,0,311.99,90.39,0,402.38,402.38
2018-06,Minas Gerais,1,54.98,0,0,54.98,60.95,0,115.93,115.93
2018-06,Seoul,2,180.94,-3.49,-76.49,100.96,86.42,0,187.38,162.41
2018-06,South Carolina,5,313.45,-13.46,-8.5,291.49,47.94,0,339.43,70.58
2018-06,Arizona,24,931.62,-79.88,-123.95,727.79,214.95,0,942.74,44.86
2018-06,Maharashtra,1,53.9,0,-53.9,0,0,0,0,118.3
2018-06,Kansas,5,144.94,-15.1,-16,113.84,39.9,0,153.74,33.94
2018-06,Georgia,16,574.61,-64.89,-35.99,473.73,124.81,0,598.54,40.53
2018-06,Lagos,1,67.95,-10.16,0,57.79,67.96,0,125.75,125.75
2018-06,Texas,67,2978.72,-181.11,-504.03,2293.58,599.31,0,2892.89,52.51
2018-06,Mississippi,5,83.94,-8.48,0,75.46,31.61,0,107.07,21.41
2018-06,Florida,64,4276.39,-294.88,-1639.46,2342.05,748.35,0,3090.4,75.45
2018-06,Vermont,2,138.99,-17.39,0,121.6,21.74,0,143.34,71.67
2018-06,Massachusetts,117,10751.06,-657.51,-3988.72,6104.83,726.88,180.97,7012.68,94.53
2018-06,București,1,408.89,0,0,408.89,114.25,0,523.14,523.14
2018-06,Colorado,12,388.8,-1.99,-127.99,258.82,68.68,0,327.5,39.31
2018-06,Wisconsin,7,413.86,-25.87,-59.74,328.25,87.11,0,415.36,67.87
2018-06,Ohio,26,842.5,-57.33,-62.48,722.69,224.46,0,947.15,39.02
2018-06,Oklahoma,3,81.97,-6.98,0,74.99,25,0,99.99,33.33
2018-06,Tennessee,10,387.87,-14.15,-75,298.72,109.78,0,408.5,49.49
2018-06,Washington,15,634.74,-31.87,-173.23,429.64,160.29,0,589.93,52.87
2018-06,North Carolina,18,670.69,-63.82,-135.72,471.15,171.45,0,642.6,45.05
2018-06,Victoria,1,57.98,-11.58,0,46.4,66.12,0,112.52,112.52
2018-06,Oregon,14,888.63,-40.12,-57.75,790.76,182.59,0,973.35,75.07
2018-06,Utah,4,129.95,-6.98,-24.99,97.98,30,0,127.98,38.24
2018-06,Ontario,9,390.87,-23.96,-117.78,249.13,341.4,0,590.53,83.95
2018-06,Rhode Island,3,168.9,-18.46,0,150.44,21.98,0,172.42,57.47
2018-06,New Mexico,4,122.94,-12.76,0,110.18,42.53,0,152.71,38.17
2018-06,Louisiana,8,171.87,-12.57,-18.8,140.5,40,0,180.5,25.53
2018-06,New York,112,5118.95,-413.24,-808.01,3897.7,955.07,0,4852.77,51.73
2018-06,West Virginia,2,84.97,0,0,84.97,24.26,0,109.23,54.61
2018-06,Goiás,0,0,0,0,0,0,0,0,0
2018-06,Alaska,2,89.97,0,0,89.97,20,0,109.97,54.98
2018-06,Delaware,6,173.88,-7.77,0,166.11,50.88,0,216.99,36.16
2018-06,Illinois,29,1056.71,-91.98,-66.97,897.76,234.06,0,1131.82,41.99
2018-07,Victoria,1,274.94,-27.44,-31.5,216,88.09,0,304.09,335.59
2018-07,California,125,5494.23,-240.77,-674.41,4579.05,1332.88,0,5911.93,53.59
2018-07,North Dakota,1,13,-1.95,0,11.05,5,0,16.05,16.05
2018-07,Arizona,9,303.87,-24.44,0,279.43,92.42,0,371.85,41.31
2018-07,Nebraska,2,63.98,0,-39.99,23.99,5,0,28.99,39.49
2018-07,Delaware,3,195.92,0,-12,183.92,32.38,0,216.3,76.1
2018-07,Florida,57,2638.67,-206.83,-134.59,2297.25,634.94,0,2932.19,54.44
2018-07,South Australia,2,74.98,-4.88,0,70.1,126.9,0,197,98.5
2018-07,Oklahoma,5,168.93,-21.4,0,147.53,49.97,0,197.5,39.5
2018-07,Utah,4,104.91,-2.99,5,106.92,35,0,141.92,35.48
2018-07,Beijing,1,199.9,-59.97,0,139.93,66.87,0,206.8,206.8
2018-07,New Jersey,39,2181.2,-124.11,-663.93,1393.16,359.16,0,1752.32,63.74
2018-07,Montana,2,36.97,-3.58,0,33.39,27.42,0,60.81,30.4
2018-07,Ciudad De México,1,109.95,0,0,109.95,68.08,0,178.03,178.03
2018-07,Nuevo León,1,164.72,0,-164.72,0,0,0,0,232.8
2018-07,Nevada,8,293.9,-34.18,-13,246.72,102.04,0,348.76,45.84
2018-07,Gyeongnam,1,1119.72,-111.95,0,1007.77,202,0,1209.77,1209.77
2018-07,Roma,1,62.99,-9.44,0,53.55,61.52,0,115.07,115.07
2018-07,Barcelona,2,146.92,0,0,146.92,65.15,0,212.07,138.61
2018-07,New South Wales,3,164.97,0,0,164.97,193.02,0,357.99,119.33
2018-07,Idaho,4,62.97,-7.28,0,55.69,25,0,80.69,20.17
2018-07,Wisconsin,11,287.81,-15.07,0,272.74,103.17,0,375.91,34.17
2018-07,Minas Gerais,0,0,0,-34.99,-34.99,0,0,-34.99,0
2018-07,Ohio,26,818.68,-31.72,-29.75,757.21,205.15,0,962.36,38.15
2018-07,Armed Forces Europe,2,41.98,0,-16,25.98,15,0,40.98,30.99
2018-07,Saitama,1,134.89,-25.73,0,109.16,81.88,0,191.04,191.04
2018-07,New Mexico,3,54.97,0,0,54.97,20,0,74.97,24.99
2018-07,Mississippi,7,183.93,0,0,183.93,68.02,0,251.95,35.99
2018-07,Wyoming,1,13,0,0,13,5,0,18,18
2018-07,Louisiana,8,307.88,-7.99,-23.8,276.09,104.31,0,380.4,50.52
2018-07,Washington,18,602.79,-30.27,-84.97,487.55,155,0,642.55,40.41
2018-07,Armed Forces Pacific,1,55.98,-8.38,0,47.6,12.42,0,60.02,60.02
2018-07,Rhode Island,3,574.97,-1.99,-20,552.98,5,0,557.98,194.32
2018-07,Minnesota,14,1031.77,-26.15,0,1005.62,146.56,0,1152.18,83.36
2018-07,North Carolina,21,780.52,-99.88,-153.02,527.62,134.91,0,662.53,41.87
2018-07,Michigan,23,734.71,-26.16,0,708.55,267.39,0,975.94,42.43
2018-07,Madrid,1,37.97,0,0,37.97,57.9,0,95.87,95.87
2018-07,Rio De Janeiro,0,0,0,-19.99,-19.99,-56.69,0,-76.68,0
2018-07,Maine,10,438.64,-8.97,-57.98,371.69,83.82,0,455.51,52.46
2018-07,South Dakota,1,64.99,-9.74,0,55.25,15,0,70.25,70.25
2018-07,Oregon,12,564.8,-41.66,0,523.14,142.48,0,665.62,55.46
2018-07,Arkansas,5,115.89,-6.58,0,109.31,49.8,0,159.11,31.82
2018-07,Jakarta,1,39.98,-5.98,0,34,64.4,0,98.4,98.4
2018-07,New York,110,4410.11,-342.39,-552.43,3515.29,875.46,0,4390.75,46.32
2018-07,Alberta,4,462.85,-7.99,-79.98,374.88,163.95,0,538.83,154.7
2018-07,Zürich,1,110.98,-16.63,0,94.35,68.77,0,163.12,163.12
2018-07,Gauteng,1,68.98,0,0,68.98,67.96,0,136.94,136.94
2018-07,Tōkyō,1,139.92,0,-27.98,111.94,78.37,0,190.31,218.29
2018-07,Alaska,2,74.98,0,0,74.98,25,0,99.98,49.99
2018-07,Illinois,25,939.65,-42.18,-228.03,669.44,234.87,0,904.31,45.85
2018-07,,31,2056.09,-55.25,-262.88,1737.96,1797.18,0,3535.14,128.27
2018-07,Georgia,27,1651.58,-120.78,-535.27,995.53,279.81,0,1275.34,69.97
2018-07,Quebec,8,457.73,-29.06,-13,415.67,311.15,0,726.82,92.47
2018-07,New Hampshire,4,125.94,-8.36,0,117.58,37.94,0,155.52,38.88
2018-07,Missouri,11,627.82,-16.26,-40,571.56,120.14,0,691.7,67.42
2018-07,Connecticut,17,528.72,-14.89,-38,475.83,127.32,0,603.15,38
2018-07,Vermont,3,350.84,-1.95,0,348.89,36.06,0,384.95,128.31
2018-07,Aveiro,0,0,0,0,0,0,0,0,0
2018-07,Indiana,6,134.95,-4.78,0,130.17,40,0,170.17,28.36
2018-07,Dublin,1,49.99,0,0,49.99,61.52,0,111.51,111.51
2018-07,Guangdong,1,34.99,0,0,34.99,61.35,0,96.34,96.34
2018-07,Western Australia,1,60.97,-9.12,0,51.85,76.82,0,128.67,128.67
2018-07,Banten,2,244.92,0,-244.92,0,0,0,0,193.84
2018-07,Maryland,19,860.68,-26.67,0,834.01,185.28,0,1019.29,54.33
2018-07,South Carolina,4,126.96,-7.93,0,119.03,30,0,149.03,37.25
2018-07,District Of Columbia,12,560.82,-69.06,-19.99,471.77,128.18,0,599.95,51.66
2018-07,West Virginia,2,66.96,0,0,66.96,11.26,0,78.22,46.45
2018-07,Massachusetts,114,6785.24,-578.3,-937.88,5269.06,601.9,49.33,5920.29,61.22
2018-07,Auckland,2,64.98,0,0,64.98,132.24,0,197.22,98.61
2018-07,British Columbia,3,155.94,-8.23,-29.99,117.72,107.6,0,225.32,85.1
2018-07,Kentucky,7,317.89,0,-61.49,256.4,79.43,0,335.83,60.38
2018-07,Iowa,3,48.98,0,0,48.98,15,0,63.98,21.32
2018-07,Guadalajara,1,110.96,0,0,110.96,65.15,0,176.11,176.11
2018-07,Balears,1,354.9,-53.18,0,301.72,78.95,0,380.67,380.67
2018-07,Hawaii,3,174.96,-4.94,0,170.02,65,0,235.02,78.34
2018-07,Queensland,1,135.95,-20.35,0,115.6,76.82,0,192.42,192.42
2018-07,Texas,81,3665.55,-261.02,-575.74,2828.79,1040.68,0,3869.47,55.27
2018-07,Kanagawa,1,69.98,-13.98,0,56,66.47,0,122.47,122.47
2018-07,Shanghai,1,103.95,0,0,103.95,72.05,0,176,176
2018-07,Morelos,1,134.88,-5.23,-12.75,116.9,55.49,0,172.39,185.14
2018-07,Pennsylvania,23,1150.14,-77.74,-212.96,859.44,189.1,0,1048.54,56.8
2018-07,Kansas,2,26,0,-14.45,11.55,10,0,21.55,18
2018-07,West Bengal,1,111.49,-1.94,0,109.55,64.4,0,173.95,173.95
2018-07,Colorado,15,764.7,-78.2,-116.82,569.68,205.17,0,774.85,59.44
2018-07,Ontario,12,582.84,-20.45,-183.14,379.25,407.6,0,786.85,83.89
2018-07,São Paulo,1,44.99,0,0,44.99,60.95,0,105.94,105.94
2018-07,Alabama,6,1707.87,-2.99,-1499.97,204.91,57.62,0,262.53,293.75
2018-07,Tennessee,7,330.82,-11.09,-89.98,229.75,57.61,0,287.36,57.67
2018-07,Virginia,36,1726.31,-114.84,-24.59,1586.88,387.55,0,1974.43,55.88
2018-07,Puerto Rico,2,61.97,-2.69,0,59.28,15,0,74.28,37.14
2018-08,Mississippi,2,40.98,-3.99,0,36.99,23.24,0,60.23,30.11
2018-08,Florida,75,3461.2,-276.41,-631.64,2553.15,888.72,0,3441.87,55.29
2018-08,Arkansas,5,100.94,0,0,100.94,43.22,0,144.16,28.83
2018-08,New Mexico,3,171.93,-13.78,0,158.15,40,0,198.15,66.05
2018-08,Maryland,19,702.74,-48.16,-241.94,412.64,181.64,0,594.28,44.95
2018-08,South Carolina,9,279.87,-28.81,-10.4,240.66,99.76,0,340.42,38.98
2018-08,Louisiana,2,25.99,0,-13,12.99,5,0,17.99,21.3
2018-08,Jakarta,2,97.98,-12.59,0,85.39,128.8,0,214.19,107.09
2018-08,Ohio,36,2212.16,-130.45,-262.67,1819.04,385.7,0,2204.74,69.3
2018-08,Illinois,41,2184.48,-282.84,-247.2,1654.44,509.28,0,2163.72,59.2
2018-08,North Carolina,21,1082.33,-98.95,-42.99,940.39,298.02,0,1238.41,61.01
2018-08,Arizona,14,497.78,-21.92,-34,441.86,148.26,0,590.12,46.55
2018-08,Nebraska,3,74.96,0,0,74.96,28.52,0,103.48,34.49
2018-08,Seoul,1,48.97,0,-23.99,24.98,60.95,0,85.93,109.92
2018-08,Alaska,1,39.99,0,0,39.99,15,0,54.99,54.99
2018-08,Missouri,19,834.59,-83.25,-18.74,732.6,222.77,0,955.37,51.26
2018-08,Georgia,29,974.52,-88.69,-172.96,712.87,290.12,0,1002.99,41.63
2018-08,Pernambuco,0,0,0,-32,-32,0,0,-32,0
2018-08,Indiana,8,222.88,-10.69,-8.5,203.69,66.17,0,269.86,35.42
2018-08,Bangkok,1,99.95,0,0,99.95,69.17,0,169.12,169.12
2018-08,Delaware,6,243.91,-28.54,0,215.37,57.62,0,272.99,45.49
2018-08,Karnataka,1,39.99,0,0,39.99,64.4,0,104.39,104.39
2018-08,Wyoming,2,37.98,-3.99,0,33.99,10,0,43.99,21.99
2018-08,California,169,8021.47,-743.5,-895.68,6382.29,1913.63,0,8295.92,54.9
2018-08,Texas,133,4836.39,-320.84,-640.73,3874.82,1269.89,0,5144.71,44.52
2018-08,Beijing,0,0,0,-139.93,-139.93,-66.87,0,-206.8,0
2018-08,South Dakota,2,219.95,-43.95,-20.8,155.2,33.42,0,188.62,104.71
2018-08,Torino,1,164.69,0,0,164.69,72.39,0,237.08,237.08
2018-08,North Dakota,3,118.97,-3.59,0,115.38,36.9,0,152.28,50.76
2018-08,Nuevo León,1,59.98,0,-19.99,39.99,55.49,0,95.48,115.47
2018-08,São Paulo,2,154.93,-4.79,-14.99,135.15,126.15,0,261.3,138.14
2018-08,South Australia,2,176.94,-32.76,-11.05,133.13,142.94,0,276.07,143.56
2018-08,Connecticut,12,982.81,-24.71,-119.39,838.71,59.26,0,897.97,87.53
2018-08,Nevada,9,322.8,-18.64,-73.97,230.19,137.46,0,367.65,49.06
2018-08,Maine,8,699.79,-67.78,-29.99,602.02,91.94,0,693.96,90.49
2018-08,Quebec,4,156.95,0,-29.75,127.2,150,0,277.2,76.73
2018-08,Región Metropolitana,1,109.97,0,-59.98,49.99,64.86,0,114.85,174.83
2018-08,Paraná,1,70.96,0,-70.96,0,0,0,0,136.16
2018-08,Alabama,6,239.92,-35.28,-59.99,144.65,55.94,0,200.59,43.43
2018-08,Ontario,18,1175.57,-75.58,-34,1065.99,693.15,0,1759.14,99.61
2018-08,Pavia,1,39.99,0,0,39.99,61.52,0,101.51,101.51
2018-08,Pennsylvania,31,1283.1,-142.16,-119.2,1021.74,292.38,0,1314.12,46.61
2018-08,New South Wales,5,419.8,0,-141.96,277.84,368.63,0,646.47,157.68
2018-08,Western Cape,1,99.97,0,-39.99,59.98,81.19,0,141.17,181.16
2018-08,Oregon,13,1203.28,-75.53,-25.5,1102.25,127.64,0,1229.89,98.1
2018-08,Vermont,1,16.99,0,0,16.99,5,0,21.99,21.99
2018-08,Oklahoma,6,386.92,-44.97,-85.5,256.45,61.82,0,318.27,71.46
2018-08,Hawaii,4,123.87,-1.94,-11.05,110.88,45,0,155.88,44.23
2018-08,Kansas,4,122.95,0,0,122.95,25,0,147.95,36.98
2018-08,Massachusetts,447,25119.66,-3395.39,-3197.75,18526.52,2260.68,148.6,20935.8,54.55
2018-08,New Hampshire,7,360.88,-33.48,-8.4,319,72.32,0,391.32,57.1
2018-08,Armed Forces Europe,0,0,0,-13.99,-13.99,0,0,-13.99,0
2018-08,New Jersey,40,2199.88,-177.69,-271.58,1750.61,376.38,0,2126.99,61.12
2018-08,Western Australia,3,85.97,0,0,85.97,187.68,0,273.65,91.21
2018-08,Idaho,1,4.99,0,0,4.99,5,0,9.99,9.99
2018-08,Dubai,1,64.96,0,0,64.96,66.64,0,131.6,131.6
2018-08,Virginia,31,1215.29,-104.16,-126.15,984.98,333.17,0,1318.15,47.53
2018-08,Puerto Rico,3,131.95,-11.58,0,120.37,36.66,0,157.03,52.34
2018-08,Michigan,28,1231.12,-96.5,-191.22,943.4,228.16,0,1171.56,51.85
2018-08,Rivers,1,4.99,0,0,4.99,61.35,0,66.34,66.34
2018-08,New York,106,6304.68,-519.6,-755.46,5029.62,988.94,0,6018.56,65.51
2018-08,Wisconsin,6,436.83,-63.12,-107.98,265.73,80.3,0,346.03,78.43
2018-08,Alberta,4,172.92,-15.99,-91.94,64.99,110.4,0,175.39,75.33
2018-08,Minnesota,17,1217.5,-76.73,-199.17,941.6,243.19,0,1184.79,82.28
2018-08,Barcelona,2,61.98,0,0,61.98,119.42,0,181.4,90.7
2018-08,Tennessee,11,465.74,-6.79,-64.98,393.97,138.84,0,532.81,55.4
2018-08,Utah,6,220.89,-12.36,-14.99,193.54,88.88,0,282.42,49.56
2018-08,Milano,1,34.99,0,0,34.99,57.9,0,92.89,92.89
2018-08,Auckland,1,76.97,0,-87.97,-11,0,0,-11,143.09
2018-08,Washington,20,1031.28,-97.07,-305.48,628.73,242.97,0,871.7,61.74
2018-08,Colorado,16,594.67,-62.01,-57.57,475.09,146.51,0,621.6,43.07
2018-08,Rio De Janeiro,1,24.99,0,0,24.99,56.69,0,81.68,81.68
2018-08,Victoria,3,271.77,0,-11.99,259.78,225.68,0,485.46,165.81
2018-08,,32,2940.02,-143.52,-532.27,2264.23,1664.18,0,3928.41,152.59
2018-08,Manitoba,1,49.99,0,0,49.99,36.8,0,86.79,86.79
2018-08,West Virginia,3,140.92,-10.78,-72.99,57.15,24.68,0,81.83,51.6
2018-08,Nova Scotia,1,12.99,-1.94,-29.75,-18.7,34,0,15.3,45.05
2018-08,British Columbia,3,243.47,0,-54.99,188.48,110.4,0,298.88,117.95
2018-08,District Of Columbia,10,1180.75,-75.78,-6.25,1098.72,117.82,0,1216.54,122.27
2018-08,Rhode Island,1,74.96,0,-33.98,40.98,25,0,65.98,99.96
2018-08,Kentucky,8,268.85,-12.26,-39.99,216.6,78.49,0,295.09,43.31
2018-09,Louisiana,3,80.97,-4.48,0,76.49,31.62,0,108.11,36.03
2018-09,District Of Columbia,3,68.97,-1.99,0,66.98,27.52,0,94.5,31.5
2018-09,Vermont,2,177.47,0,0,177.47,30,0,207.47,103.73
2018-09,Quebec,3,164.95,-2.49,-89.97,72.49,73.6,0,146.09,92.82
2018-09,Kentucky,6,150.93,-9.73,0,141.2,66.33,0,207.53,34.58
2018-09,Virginia,15,755.72,-52.27,-41.54,661.91,138.38,0,800.29,56.12
2018-09,Banten,1,24.99,0,0,24.99,64.4,0,89.39,89.39
2018-09,Idaho,8,338.88,-2.69,-84.97,251.22,67.98,0,319.2,51.14
2018-09,Missouri,10,355.85,-30.08,-55.48,270.29,83.14,0,353.43,42.38
2018-09,Abu Dhabi,1,69.98,0,0,69.98,61.41,0,131.39,131.39
2018-09,New Hampshire,3,96.97,-1.79,0,95.18,21.2,0,116.38,38.79
2018-09,Hawaii,1,114.94,0,0,114.94,22.53,0,137.47,137.47
2018-09,Nordrhein Westfalen,1,70.97,0,0,70.97,66.12,0,137.09,137.09
2018-09,Oklahoma,3,98.96,0,0,98.96,31.92,0,130.88,43.62
2018-09,British Columbia,7,711.64,-87.12,0,624.52,328.85,0,953.37,136.19
2018-09,Hawke's Bay,1,39.99,-5.99,0,34,66.12,0,100.12,100.12
2018-09,Ohio,14,1186.26,-48.39,-28.05,1109.82,157.82,0,1267.64,92.54
2018-09,Puerto Rico,0,0,0,-4.99,-4.99,0,0,-4.99,0
2018-09,North Carolina,18,762.75,-63.51,-75.97,623.27,171.62,0,794.89,50.35
2018-09,Alabama,5,744.82,-6.74,-29.98,708.1,51.49,0,759.59,157.91
2018-09,Indiana,6,321.86,-23.78,-8,290.08,61.27,0,351.35,62.22
2018-09,South Carolina,13,279.86,-6.43,-37.98,235.45,91.33,0,326.78,29.54
2018-09,South Australia,1,122.95,0,0,122.95,76.82,0,199.77,199.77
2018-09,New South Wales,3,266.9,-18.24,0,248.66,214.41,0,463.07,154.35
2018-09,Delaware,5,164.93,-3.99,0,160.94,51.3,0,212.24,42.44
2018-09,Puebla,1,351.66,-70.26,0,281.4,83.32,0,364.72,364.72
2018-09,Oregon,8,742.88,-7.73,-56.98,678.17,70,0,748.17,101.26
2018-09,Arkansas,1,34.99,0,0,34.99,5,0,39.99,39.99
2018-09,Utah,4,259.97,-23.22,-44.99,191.76,52.98,0,244.74,72.43
2018-09,Kanagawa,1,89.97,-13.48,0,76.49,74.4,0,150.89,150.89
2018-09,,33,2272.25,-168.83,-332.9,1770.52,1925.92,0,3696.44,126.66
2018-09,Kansas,5,112.89,-7.23,0,105.66,40.28,0,145.94,29.18
2018-09,Gyeonggi,1,30.98,0,0,30.98,55.03,0,86.01,86.01
2018-09,Victoria,2,464.88,-11.99,0,452.89,159.56,0,612.45,306.22
2018-09,Rhode Island,1,39.99,-5.99,0,34,5,0,39,39
2018-09,New Jersey,33,1966.39,-234.39,-164.33,1567.67,310.9,0,1878.57,62.71
2018-09,Daejeon,1,49.99,0,0,49.99,60.95,0,110.94,110.94
2018-09,Michigan,20,856.53,-23.89,-118.88,713.76,167.18,0,880.94,51.68
2018-09,Washington,13,530.79,-13.65,-71.98,445.16,165.96,0,611.12,54.46
2018-09,Illinois,23,1131.63,-60.09,-164.93,906.61,272.42,0,1179.03,59.15
2018-09,Arizona,8,191.88,-11.86,0,180.02,70.62,0,250.64,31.33
2018-09,Armed Forces Europe,4,111.96,-14.66,0,97.3,45,0,142.3,35.57
2018-09,Colorado,8,222.9,-14.85,-26,182.05,80,0,262.05,37.25
2018-09,Iowa,8,348.92,-42.31,-44.99,261.62,70.84,0,332.46,48.43
2018-09,Delhi,1,13,0,0,13,59.63,0,72.63,72.63
2018-09,Tennessee,17,689.72,-35.42,-23.8,630.5,160.54,0,791.04,48.9
2018-09,New York,70,3661.46,-282.21,-444.14,2935.11,678.96,0,3614.07,58.41
2018-09,Massachusetts,230,18526.87,-2419.54,-2987.01,13120.32,781.14,26.34,13927.8,74.09
2018-09,Bangkok,1,64.97,0,0,64.97,69.17,0,134.14,134.14
2018-09,Georgia,16,819.31,-27.94,-187.95,603.42,158.61,0,762.03,62.32
2018-09,Dubai,1,89.97,0,0,89.97,71.87,0,161.84,161.84
2018-09,Minnesota,13,765.79,-33.67,-72.97,659.15,124.68,0,783.83,67.44
2018-09,Wisconsin,8,751.96,-28.99,-24.99,697.98,87.38,0,785.36,103.04
2018-09,Nova Scotia,2,59.97,0,0,59.97,68,0,127.97,63.98
2018-09,Bologna,1,39.99,0,0,39.99,61.52,0,101.51,101.51
2018-09,Cremona,1,25.98,-3.88,0,22.1,57.9,0,80,80
2018-09,Tōkyō,2,298.93,0,0,298.93,140.87,0,439.8,219.9
2018-09,Pennsylvania,15,529.81,-30.27,-59.14,440.4,109.84,0,550.24,41.93
2018-09,Ciudad De México,2,72.96,0,0,72.96,110.97,0,183.93,91.96
2018-09,Connecticut,9,337.89,-2.99,-44.98,289.92,80.1,0,370.02,46.66
2018-09,Maryland,14,532.76,-46.77,-126.72,359.27,127.08,0,486.35,44.95
2018-09,Nevada,4,138.95,0,0,138.95,35,0,173.95,46.64
2018-09,Wyoming,1,11.98,-1.19,0,10.79,5,0,15.79,15.79
2018-09,Bolívar,1,49.99,-7.49,0,42.5,59.63,0,102.13,102.13
2018-09,Alberta,3,247.92,-19.97,0,227.95,116,0,343.95,114.65
2018-09,Ontario,15,2207.07,-247.14,-76.49,1883.44,615.15,0,2498.59,174.12
2018-09,California,119,6219.79,-267.95,-1336.22,4615.62,1353.51,0,5969.13,62.8
2018-09,Texas,103,4453.16,-258.49,-541.98,3652.69,1108.88,0,4761.57,52.55
2018-09,Florida,47,2662.97,-69.76,-836.17,1757.04,457.1,0,2214.14,68.71
2018-09,Alaska,1,4.99,-0.74,0,4.25,5,0,9.25,9.25
2018-09,Maine,2,49.98,-6.74,-38.25,4.99,5,0,9.99,31.62
2018-09,Newfoundland,2,119.96,-7.98,-95.98,16,34,0,50,89.99
2018-09,West Virginia,3,109.97,-8.48,-40.5,60.99,26.26,0,87.25,46.33
2018-09,Nebraska,1,23.99,0,0,23.99,5,0,28.99,28.99
2018-09,Mississippi,1,44.99,-6.74,0,38.25,5,0,43.25,43.25
2018-09,New Mexico,1,38.98,0,-48,-9.02,15,0,5.98,53.98
2018-10,California,78,2960.47,-139.25,-470.41,2350.81,750.13,0,3100.94,46.96
2018-10,Alberta,1,19.99,-2.99,-20,-3,36.8,0,33.8,53.8
2018-10,Alabama,2,50.98,0,0,50.98,19.9,0,70.88,35.44
2018-10,Florida,23,1545.46,-66.93,-470.11,1008.42,217.59,0,1226.01,78.01
2018-10,Armed Forces Europe,2,132.99,-24,0,108.99,15,0,123.99,61.99
2018-10,South Carolina,6,463.87,-30.94,-23.99,408.94,65.98,0,474.92,83.98
2018-10,New Hampshire,4,278.46,0,-12.99,265.47,44.92,0,310.39,80.84
2018-10,Kansas,2,115.96,0,-55.97,59.99,18.52,0,78.51,74.88
2018-10,Valladolid,1,117.97,0,0,117.97,72.39,0,190.36,190.36
2018-10,Louisiana,2,35.98,0,0,35.98,26.62,0,62.6,31.3
2018-10,Oklahoma,3,159.93,0,0,159.93,34.04,0,193.97,64.65
2018-10,Montana,1,119.96,0,0,119.96,17.76,0,137.72,137.72
2018-10,New South Wales,1,39.99,0,0,39.99,66.12,0,106.11,106.11
2018-10,Indiana,4,196.89,-14.97,0,181.92,48.97,0,230.89,57.72
2018-10,Samut Prakan,1,105.95,0,0,105.95,69.17,0,175.12,175.12
2018-10,Bangkok,1,79.98,0,0,79.98,69.17,0,149.15,149.15
2018-10,Saskatchewan,1,67.98,0,0,67.98,36.8,0,104.78,104.78
2018-10,Minnesota,2,147.96,-7.49,0,140.47,32.62,0,173.09,86.54
2018-10,București,1,293.96,0,0,293.96,91.94,0,385.9,385.9
2018-10,Oregon,5,121.92,-9.12,-11.05,101.75,45.4,0,147.15,34.16
2018-10,Michigan,10,423.83,-7.57,-145.83,270.43,92.22,0,362.65,52.28
2018-10,Puerto Rico,1,17.99,0,0,17.99,11.92,0,29.91,29.91
2018-10,Ontario,12,625.77,-31.33,-535.21,59.23,434.25,0,493.48,85.72
2018-10,Massachusetts,116,9413.2,-1337.88,-1279.59,6795.73,271.74,9.63,7077.1,72.49
2018-10,Vermont,1,23.99,0,-23.99,0,0,0,0,28.99
2018-10,Arkansas,5,205.91,-8.83,0,197.08,59.31,0,256.39,51.27
2018-10,Barcelona,1,49.99,0,-35.98,14.01,61.52,0,75.53,111.51
2018-10,,15,1260.65,-77.24,-298.88,884.53,878.39,0,1762.92,142.03
2018-10,Tennessee,5,369.83,-16.72,0,353.11,60.21,0,413.32,82.66
2018-10,Washington,13,548.76,-24.22,-40.74,483.8,150,0,633.8,53.42
2018-10,Iowa,2,111.96,-6.17,0,105.79,31.6,0,137.39,68.69
2018-10,British Columbia,2,283.98,-36.59,0,247.39,79.2,0,326.59,163.29
2018-10,Virginia,6,453.72,-65.05,-12,376.67,86.84,0,463.51,79.25
2018-10,Idaho,1,9.98,0,-39.99,-30.01,5,0,-25.01,14.98
2018-10,Maine,2,89.97,0,0,89.97,22.94,0,112.91,56.45
2018-10,Milano,2,234.98,0,0,234.98,123.04,0,358.02,179.01
2018-10,Maryland,12,588.84,-54.05,-157.73,377.06,117.14,0,494.2,55.41
2018-10,Texas,49,1799.36,-150.19,-394.98,1254.19,466,0,1720.19,45.2
2018-10,Nova Scotia,1,64.99,-9.74,0,55.25,34,0,89.25,89.25
2018-10,Shanghai,1,108.93,-21.73,-34.99,52.21,72.05,0,124.26,159.25
2018-10,New York,36,2289.19,-110.29,-244.45,1934.45,381.38,0,2315.83,71.84
2018-10,Rhode Island,2,118.99,-14.85,0,104.14,20,0,124.14,62.07
2018-10,Nevada,2,57.98,0,0,57.98,22.98,0,80.96,40.48
2018-10,Bergamo,1,36.98,0,0,36.98,65.15,0,102.13,102.13
2018-10,Queensland,1,44.99,0,0,44.99,66.12,0,111.11,111.11
2018-10,Hawaii,1,39.99,0,0,39.99,5,0,44.99,44.99
2018-10,Illinois,20,1099.49,-73.17,-159.24,867.08,242.78,0,1109.86,64.53
2018-10,South Dakota,2,97.95,-7.17,0,90.78,35.44,0,126.22,63.11
2018-10,Georgia,8,155.93,-8.58,-30.99,116.36,45.37,0,161.73,26.94
2018-10,Ohio,8,299.93,-18.69,-19.19,262.05,62.66,0,324.71,42.98
2018-10,Colorado,3,119.96,-2.24,-12.75,104.97,15,0,119.97,45.9
2018-10,Utah,2,173.98,0,0,173.98,40.51,0,214.49,107.24
2018-10,Delaware,3,173.97,-3.74,0,170.23,31.74,0,201.97,67.32
2018-10,Alaska,1,53.98,0,0,53.98,10,0,63.98,63.98
2018-10,District Of Columbia,2,89.98,0,-34.99,54.99,20,0,74.99,54.99
2018-10,Pennsylvania,15,729.71,-37.08,-135.97,556.66,166.44,0,723.1,57.93
2018-10,New Jersey,21,1226.44,-19.9,-58.99,1147.55,202.92,0,1350.47,67.91
2018-10,South Australia,2,103.94,0,0,103.94,142.94,0,246.88,123.44
2018-10,Missouri,4,143.92,-8.98,-35.98,98.96,28.66,0,127.62,43.8
2018-10,Dubai,1,39.99,0,0,39.99,61.41,0,101.4,101.4
2018-10,North Carolina,9,361.9,-21.9,-100.79,239.21,55.09,0,294.3,48.14
2018-10,Quebec,5,293.91,-23.57,0,270.34,181.2,0,451.54,90.3
2018-10,Puebla,0,0,0,-11.2,-11.2,0,0,-11.2,0
2018-10,Arizona,6,216.9,-3.99,0,212.91,67.42,0,280.33,46.72
2018-10,Kentucky,4,154.95,0,0,154.95,48.17,0,203.12,50.78
2018-10,Connecticut,8,477.9,-44.96,0,432.94,95.98,0,528.92,66.11